job_id,published_date,title,description,career_page_name,type,application_deadline,is_remote_work,city,state,country,job_url,disabilities,workplace_type
5885202,2023-11-18T20:49:04.457Z,Analista de Conserva√ß√£o - Sociobiodiversidade,"Se voc√™ ama a natureza e as pessoas, e concorda que √© urgente revermos h√°bitos e a√ß√µes para garantirmos um amanh√£ mais justo e saud√°vel para todos, a gente precisa conversar!Estamos √† procura de uma Pessoa Analista de Conserva√ß√£o S√™nior que far√° parte do time de Portf√≥lio de Conserva√ß√£o do WWF-Brasil e ser√° respons√°vel pelo&nbsp;desenvolvimento de&nbsp;solu√ß√µes criativas, efetivas e coletivas. Neste papel, voc√™ realizar√° o planejamento e execu√ß√£o de projetos de conserva√ß√£o.Responsabilidades e atribui√ß√µes- Estabelecer e coordenar parcerias t√©cnicas com o objetivo de fortalecer as cadeias da sociobiodiversidade e suas organiza√ß√µes produtivas, garantindo o cumprimento do planejamento f√≠sico financeiro e o respeito a salvaguardas socioambientais estabelecidas nos projetos- Liderar a implanta√ß√£o de projetos e atividades, e a produ√ß√£o de planos de trabalho, or√ßamentos e relat√≥rios t√©cnicos para diferentes audi√™ncias;- Promover articula√ß√£o com √≥rg√£os de governo em busca de apoio para as cadeias produtivas da sociobiodiversidade atrav√©s da e viabiliza√ß√£o do acesso a pol√≠ticas p√∫blicas, disponibiliza√ß√£o de estruturas, materiais, recursos (humanos e financeiros) e incentivos fiscais- Participar de f√≥runs e grupos regionais que promovam as cadeias da sociobiodiversidade- Apoiar a implementa√ß√£o de protocolos e adequa√ß√µes nos diferentes elos das cadeias produtivas da sociobiodiversidade visando a melhoria de qualidade, a efici√™ncia e o atendimento a especifica√ß√µes t√©cnicas espec√≠ficas para a promo√ß√£o e amplia√ß√£o do acesso a diferentes mercados- Monitorar os resultados das a√ß√µes locais (incluindo o acordado com os parceiros t√©cnicos) e reunir informa√ß√µes necess√°rias para a elabora√ß√£o de relat√≥rios e atendimento de indicadores- Representar o WWF Brasil em espa√ßos de discuss√£o com outros atores e doadores sobre os projetos em que a pessoa est√° envolvida, bem como a sua estrat√©gia- Promover a integra√ß√£o com outros temas do WWF-Brasil que atuam no Amazonas ou que tenham rela√ß√£o com as cadeias produtivas da sociobiodiversidadeRequisitos e qualifica√ß√µes- Gradua√ß√£o completa e pelo menos 10 anos de experi√™ncia em √°reas correlatas ao extrativismo, agroecologia, beneficiamento de produtos florestais e agr√≠colas, povos ind√≠genas, comunidades tradicionais, agricultores familiares e sustentabilidade- P√≥s-gradua√ß√£o nas √°reas correlatas desej√°vel- Experi√™ncia em elabora√ß√£o e implementa√ß√£o de projetos socioambientais- Habilidades interpessoais para se relacionar de forma adequada com povos ind√≠genas, quilombolas, comunidades tradicionais, agricultores familiares e com outros parceiros do WWF-Brasil- Conhecimento s√≥lido sobre a din√¢mica regional e desafios socioambientais do bioma Amaz√¥nia- Ingl√™s avan√ßado- Disponibilidade para viagens regionais e nacionais.- Residir na regi√£o norte do Pa√≠s, preferencialmente em Manaus. Informa√ß√µes adicionaisAcreditamos que temos muito mais que um papel na sua vida! Um prop√≥sito incr√≠vel para compartilharUm ambiente de trabalho flex√≠vel e com autonomia para voc√™ adaptar a sua rotina.Sal√°rio compat√≠vel com o mercado.Vale alimenta√ß√£o/refei√ß√£o em um √∫nico cart√£o, inclusive nas f√©rias e em licen√ßas.Plano de sa√∫de com cobertura nacional e abrangente aos dependentes.Benef√≠cio bem-estar que voc√™ pode utilizar para despesas odontol√≥gicas e oftalmol√≥gicas ou para reembolso com academia, artes marciais, crossfit, dan√ßa, ginastica r√≠tmica, nata√ß√£o, personal trainer, pilates, yoga e outras atividades f√≠sicas.Folga no dia do seu anivers√°rio, para aproveitar o seu dia e celebrar.As licen√ßas maternidade e paternidade s√£o estendidas, para que as mam√£es e papais possam ter mais tempo para aproveitar esse momento t√£o especial.Depois da licen√ßa, volte a trabalhar com a cabe√ßa mais tranquila e conte com o aux√≠lio-creche;Seguran√ßa para voc√™ e sua fam√≠lia, com o nosso Seguro de Vida;Pensando na sa√∫de emocional e desenvolvimento dos nossos Pandas, voc√™ ter√° acessp gratuito √† terapia (2 sess√µes/m√™s) com a Zenklub.Voc√™ se identificou? Ent√£o, vem! &nbsp;#VemSerWWF-Brasil #CuidarCome√ßaAgora #Juntos√âPoss√≠vel #ConectadoNoPlaneta",WWF-Brasil,vacancy_type_effective,2023-11-30T00:00:00.000Z,True,,,Brasil,https://wwfbrasil.gupy.io/job/eyJqb2JJZCI6NTg4NTIwMiwic291cmNlIjoiZ3VweV9wb3J0YWwifQ==?jobBoardSource=gupy_portal,False,remote
6005528,2023-11-18T20:05:58.737Z,Analista de Recursos Humanos I,"Buscamos um(a) profissional est√°vel, pr√≥ ativo(a), resiliente e atualizado em rela√ß√£o aos desafios di√°rios das rotinas de recursos humanos. Responsabilidades e atribui√ß√µes‚Ä¢ Acompanhar a vig√™ncia da Conven√ß√£o Coletiva e Acordos Coletivos (Banco de Horas / Taxa de Servi√ßos / etc) e liderar a renova√ß√£o dos mesmos.‚Ä¢ Aplicar pol√≠tica de cargos e sal√°rios indicada pelo Corporativo, avaliando a categoria e or√ßamento do empreendimento, visando a hegemonia na rede.‚Ä¢ Apoiar e participar da exce√ß√£o dos planos de a√ß√µes em rela√ß√£o aos resultados da pesquisa de Clima‚Ä¢ Apoiar o Corporativo em todas as a√ß√µes de treinamentos, como por exemplo: envio das listas de presen√ßa dos treinamentos presenciais, incentivar que os treinamentos sejam realizados dentro dos prazos pr√© estabelecidos, entre outros.‚Ä¢ Aprovar candidatos para direcionar √† entrevista com gestor solicitante.‚Ä¢ Arquivar os documentos dos colaboradores devidamente assinados em suas respectivas pastas, mantendo os prontu√°rios sempre atualizados.‚Ä¢ Assistir aos colaboradores no que se refere a necessidades do cargo.‚Ä¢ Atuar conjuntamente √† Controladoria, verificando se os pagamentos inseridos em sistema ser√£o pagos na data correta.‚Ä¢ Atuar junto aos chefes de departamento para evitar o pagamento de Horas Extras.‚Ä¢ Auxiliar nas avalia√ß√µes aos colaboradores (Pesquisa de clima, Avalia√ß√£o de Desempenho, etc).‚Ä¢ Conferir relat√≥rios de Folha de Pagamento quando recebido do corporativo.‚Ä¢ Conferir relat√≥rios de rotinas mensais e anuais de FGTS, INSS, CAGED, RAIS, DIRF, eSocial.‚Ä¢ Controlar as movimenta√ß√µes de pessoal, explicando os motivos em cada aprova√ß√£o (requisi√ß√£o), admiss√£o, demiss√£o, promo√ß√£o, etc.‚Ä¢ Controlar o turnover e os custos de Rescis√£o.‚Ä¢ Fazer a gest√£o do Refeit√≥rio e Vesti√°rios‚Ä¢ Formar o grupo de CIPA (comit√™ interno de preven√ß√£o de acidentes) e promover a√ß√µes da comiss√£o junto a equipe, caso o empreendimento tenha um n√∫mero inferior de 50 colaboradores designar o colaborador que far√° o treinamento da CIPA.‚Ä¢ Fornecer ao Corporativo os insumos para Folha de Pagamento mensalmente.‚Ä¢ Garantir a aplica√ß√£o da conven√ß√£o coletiva de trabalho bem como acordos coletivos firmados entre o empreendimento e os colaboradores, comunicando as gerencias aas altera√ß√µes afim de mitigar riscos.Requisitos e qualifica√ß√µes‚Ä¢ Experi√™ncia na fun√ß√£o‚Ä¢ Desej√°vel conhecimento com o sistema ADP‚Ä¢ Ensino superior completoInforma√ß√µes adicionais‚Ä¢ Seguro de Vida‚Ä¢ Vale Transporte‚Ä¢ Vale Alimenta√ß√£o ou Vale Refei√ß√£o‚Ä¢ Programa de descontos em hospedagens da Rede Atlantica",Atlantica Hospitality International,vacancy_type_effective,,False,Campo Grande,Mato Grosso do Sul,Brasil,https://vagasahi.gupy.io/job/eyJqb2JJZCI6NjAwNTUyOCwic291cmNlIjoiZ3VweV9wb3J0YWwifQ==?jobBoardSource=gupy_portal,False,on-site
6000281,2023-11-18T19:09:08.481Z,Analista de Banco de Dados Oracle - Pleno,"A nossa cultura √© din√¢mica e √°gil e para fazer parte do nosso time √© imprescind√≠vel estar alinhado com nossos valores e no que acreditamos para acelerarmos juntos.&nbsp;&nbsp;Acreditamos na meritocracia, colabora√ß√£o, pessoas inovadoras e fazendo a diferen√ßa e em v√°rias outras formas de comportamento que nos fazem ser a V8.TECH.&nbsp;&nbsp;Estamos em busca de uma pessoa para atuar em nosso time de Banco de Dados. Se voc√™ ama tecnologia, curte um bom desafio e acredita no poder da colabora√ß√£o para fazer grandes entregas, essa oportunidade √© pra voc√™!&nbsp;Responsabilidades e atribui√ß√µesRequisitos e qualifica√ß√µesExperi√™ncia em Postgree e Progress;Backup restore;RMAN;Performance Tuning;Troubleshooting;Suporte ao ambiente de Produ√ß√£o;Conhecimento em sistemas operacionais Linux;Conhecimento em CloudInforma√ß√µes adicionaisüí∞ Sal√°rio compat√≠vel com o mercado;‚ÄØ&nbsp;&nbsp;üèä Descanso anual remunerado de 15 dias;&nbsp;&nbsp;üíª Trabalho 100% remoto;&nbsp;üìö Descontos exclusivos em escolas de idiomas, universidades, SESC, Etc;&nbsp;&nbsp;&nbsp;üéÇ Voucher do Ifood no dia do anivers√°rio;‚ÄØ&nbsp;&nbsp;üí∞ Programa de indica√ß√£o #amigosv8.tech&nbsp;",V8.TECH,vacancy_legal_entity,,True,,,Brasil,https://v8tech.gupy.io/job/eyJqb2JJZCI6NjAwMDI4MSwic291cmNlIjoiZ3VweV9wb3J0YWwifQ==?jobBoardSource=gupy_portal,True,remote
6005373,2023-11-18T15:13:40.105Z,Analista Gesti√≥n y Coordinador de Evento,"En estos momentos nos encontramos en b√∫squeda de un talento para cumplir el rol de&nbsp;Analista Gesti√≥n y Coordinador de EventoResponsabilidades e atribui√ß√µesExperiencia y conocimientos: m√°s de tres (3) a√±os o superior en:Herramientas ofim√°ticas nivel medioPower Bi.Sector: Miner√≠aActividades principales a realizar:Controlar presupuesto de los servicios y de los proyectos.Realizar seguimiento y control financiero de flujos de ingresos de los servicios y proyectos.Consolidar la informaci√≥n entregada por los administradores de contratos de los servicios y jefes de proyectos, asegurando que sea en el tiempo, forma y calidad solicitada de manera mensual.Elaborar, analizar y confeccionar presentaci√≥n de los informes de gesti√≥n, mensualmente, que permitan mostrar informaci√≥n de cada servicio y proyecto de manera oportuna.Elaborar y actualizar el informe Forecast, seg√∫n sea solicitado.Elaborar y analizar el informe de distribuci√≥n de dotaci√≥n y costos en los proyectos y servicios.Realizar mantenci√≥n y mejora de las bases de datos de las herramientas de gesti√≥n y reportes.Dise√±ar e implementar herramientas, para la emisi√≥n de nuevos informes que permitan el monitoreo y control de gesti√≥n de los proyectos y servicios.Requisitos e qualifica√ß√µesIngeniero/a comercial, T√©cnico administraci√≥n de empresas o similar.Con Licencia clase B (excluyente).",TIVIT,vacancy_type_effective,,False,Diego de Almagro,,Chile,https://tivitlatam.gupy.io/job/eyJqb2JJZCI6NjAwNTM3Mywic291cmNlIjoiZ3VweV9wb3J0YWwifQ==?jobBoardSource=gupy_portal,False,on-site
5803946,2023-11-18T14:47:53.205Z,Analista de PCP,"Somos uma ind√∫stria Brasileira com mais de 600 colaboradores, juntos formamos um time de especialistas que trabalham em conjunto para que a Polinutri ofere√ßa o que h√° de melhor em nutri√ß√£o animal para produtores de todo Brasil.Para atender nossos clientes, contamos com 3 f√°bricas estrategicamente posicionadas, CDs e escrit√≥rio administrativo. Desta forma atendemos a todo o Brasil e tamb√©m ao com√©rcio externo com efici√™ncia e agilidade.Com integridade e responsabilidade, formamos da Polinutri uma empresa inovadora e ambiciosa.Estamos ansiosos por conhecer a voc√™ candidato e amigo da Polinutri.Responsabilidades e atribui√ß√µesAnalisar a necessidades de produ√ß√£o e realizar programa√ß√£o otimizada;Analisa a capacidade instalada se atende a demanda, explode necessidade , define programa√ß√£o, gera as ordens produ√ß√£o, sequencia a produ√ß√£o, imprime as documenta√ß√µes;Realiza baixas e estornos solicitados em OPS;Acompanha a produ√ß√£o e atualiza a programa√ß√£o de acordo com as necessidades do dia e demandas solicitadas via comercial;Analisar e acompanhar indicadores da √°rea com a objetivo de apoiar na constru√ß√£o de planos de a√ß√µes.Requisitos e qualifica√ß√µesT√©cnicos:Superior cursando ou completo em Engenharia de Produ√ß√£o, Administra√ß√£o ou Gest√£o da Produ√ß√£o Industrial;Conhecimento avan√ßado em Pacote Office;Vivencia na √°rea de planejamento e controle de produ√ß√£o √© um diferencial.Comportamentais:Senso de organiza√ß√£o e planejamento √© essencial;Resili√™ncia;Foco em solu√ß√£o de problemas e melhoria cont√≠nua do plano mestre de produ√ß√£o.Informa√ß√µes adicionaisSal√°rio compat√≠vel com a fun√ß√£o;Plano de Sa√∫de UNIMED - SEM CUSTO DE MENSALIDADE;PLR;VA;Alimenta√ß√£o na empresa;Transporte fretado - SEM CUSTO.",Polinutri,vacancy_type_effective,,False,Treze T√≠lias,Santa Catarina,Brasil,https://polinutri.gupy.io/job/eyJqb2JJZCI6NTgwMzk0Niwic291cmNlIjoiZ3VweV9wb3J0YWwifQ==?jobBoardSource=gupy_portal,False,on-site
6005228,2023-11-18T11:19:35.514Z,Analista de RH JR _PL,"üåé Quem n√≥s somosPioneiro na distribui√ß√£o de software de Analytics no Brasil, O Grupo ITG nasceu h√° mais de 35 anos e hoje √© formado por empresas focadas na entrega de solu√ß√µes anal√≠ticas completas para as mais diversas ind√∫strias e necessidades corporativas. Integramos de forma consultiva e abrangente, solu√ß√µes tecnol√≥gicas para o atendimento das mais diversas necessidades relacionadas √† informa√ß√£o: relat√≥rios regulat√≥rios, Business Intelligence, Corporate Performance Management, Data Preparation e Advanced Analytics.üöÄ O que buscamosBuscamos uma pessoa para compor nosso time de RH, com foco em recrutamento e sele√ß√£o - podendo apoiar em atividades de DP tamb√©m, que seja engajada, com interesse em integrar-se √† equipe. Se voc√™ busca um ambiente para desenvolvimento e se considera uma pessoa curiosa, engajada e respons√°vel, vai ser um prazer ter voc√™ no nosso time e contribuir para sua evolu√ß√£o profissional!Responsabilidades e atribui√ß√µesüìå&nbsp;Seu dia a dia ser√°Realizar divulga√ß√µes de vagas em diferentes plataformas;Realizar o ciclo completo de recrutamento (triagem de CVs, aplica√ß√£o de testes, entrevistas, envio de perfis para gestores);Ter contato com √°reas t√©cnicas e n√£o t√©cnicas para alinhamento de vagas;Controlar prazos para feedbacks e para fechamento de vaga;Foco em Sele√ß√£o, entretanto, atuar√° em outras atividades do RH e DP.Requisitos e qualifica√ß√µesü§ù&nbsp;O que voc√™ precisaEstar estudando ou j√° ter finalizado o curso de Psicologia ou Gest√£o em Recursos HumanosTer conhecimento em pacote office (word, excel, power point)üí™üèº Seria legal se voc√™ tivesse, mas se n√£o tiver, voc√™ tamb√©m ser√° bem-vindoExperi√™ncia em processos seletivos de vagas tech;Conhecimento da plataforma Gupy.A atua√ß√£o ser√° h√≠brida (escrit√≥rio e home office).Vaga eleg√≠vel tamb√©m para PCD.&nbsp;Informa√ß√µes adicionaisü§ù O que oferecemosSal√°rio compat√≠vel com o mercadoVA/VR (cart√£o flex√≠vel)VTEstacionamento no localAssist√™ncia M√©dica com acomoda√ß√£o ApartamentoSeguro de vidaConv√™nios e parceiras com institui√ß√µes de ensino/idioma&nbsp;üíö VOC√ä TEM O TALENTO ‚Äì N√ìS TEMOS A VAGA PERFEITA PRA VOC√ä&nbsp;",Nordica,vacancy_type_effective,,False,S√£o Paulo,S√£o Paulo,Brasil,https://nordica.gupy.io/job/eyJqb2JJZCI6NjAwNTIyOCwic291cmNlIjoiZ3VweV9wb3J0YWwifQ==?jobBoardSource=gupy_portal,True,hybrid
6005191,2023-11-18T02:28:37.311Z,116- Analista de Desenvolvimento de Neg√≥cios - Seguros - Sede da Cooperativa - Porto Alegre,"Suporte as ag√™ncias no&nbsp;atendimento aos associados que desejam informa√ß√µes, cota√ß√µes e renova√ß√µes de seguro. Atua√ß√£o em todas as etapas da atividade comercial, como: prospec√ß√£o, desenvolvimento e efetiva√ß√£o de vendas. Atendimento interno.&nbsp;Responsabilidades e atribui√ß√µesConhecimento t√©cnico em seguros.Atividades: Cota√ß√£o de seguros novos e renova√ß√µes, enquadramento correto das atividades do segurado, efetiva√ß√£o de propostas, acompanhamento e tratativa de pend√™ncias junto √†s seguradoras, endossos quando necess√°rio;Contato/prospec√ß√£o com associados entendendo a realidade do mesmo e ofertando um seguro com coberturas adequadas √† sua necessidade, orientar e tirar d√∫vidas na contrata√ß√£o;Suporte √†s ag√™ncias da cooperativa em d√∫vidas que tangem os produtos.Requisitos e qualifica√ß√µes¬∑&nbsp;&nbsp;&nbsp;&nbsp;&nbsp;&nbsp;&nbsp;&nbsp;Ensino superior ou em andamento nas √°reas de Administra√ß√£o, Engenharia, Sistema de Informa√ß√£o, Economia, Estat√≠stica, Ci√™ncia da computa√ß√£o e/ou √°reas afins.¬∑&nbsp;&nbsp;&nbsp;&nbsp;&nbsp;&nbsp;&nbsp;&nbsp;Para candidatos internos: experi√™ncia no Sicredi de m√≠nimo de 6 meses.Compet√™ncias necess√°rias para a vaga¬∑&nbsp;&nbsp;&nbsp;&nbsp;&nbsp;&nbsp;&nbsp;&nbsp;Ess√™ncia cooperativista¬∑&nbsp;&nbsp;&nbsp;&nbsp;&nbsp;&nbsp;&nbsp;&nbsp;Entender para atender¬∑&nbsp;&nbsp;&nbsp;&nbsp;&nbsp;&nbsp;&nbsp;&nbsp;Intelig√™ncia emocional¬∑&nbsp;&nbsp;&nbsp;&nbsp;&nbsp;&nbsp;&nbsp;&nbsp;Aprender e mudar r√°pido¬∑&nbsp;&nbsp;&nbsp;&nbsp;&nbsp;&nbsp;&nbsp;&nbsp;Vai l√° e faz&nbsp;Informa√ß√µes adicionaisHor√°rio: 8:30h √†s 17:30h com 1h de intervalo, Segunda-feira √† Sexta-feira.Temos uma vaga para Porto Alegre na Sede Administrativa da Cooperativa, localizada no Centro de Porto Alegre.",Sicredi,vacancy_type_effective,2023-12-15T00:00:00.000Z,False,Porto Alegre,Rio Grande do Sul,Brasil,https://sicredi.gupy.io/job/eyJqb2JJZCI6NjAwNTE5MSwic291cmNlIjoiZ3VweV9wb3J0YWwifQ==?jobBoardSource=gupy_portal,True,on-site
6005187,2023-11-18T02:16:55.900Z,Analista Administrativo Pleno,"Por que trabalhar conosco?Porque somos a empresa l√≠der no setor privado de saneamento b√°sico no Brasil. Trabalhamos por um futuro sustent√°vel, colocando nossa paix√£o em pr√°tica fazendo a diferen√ßa nos 178 munic√≠pios em que atuamos. Levamos sa√∫de, qualidade de vida e dignidade para mais de aproximadamente 26 milh√µes de pessoas. Somos inspirados a transformar o futuro e melhorar a forma que as pessoas vivem. Empenhamos todos os esfor√ßos para contribuir com a sociedade por meio de inova√ß√µes e servi√ßos que v√£o al√©m do tratamento e da distribui√ß√£o de √°gua e esgotamento sanit√°rio. Nossa paix√£o √© tornar cada dia melhor tanto o ambiente que oferecemos a nossos colaboradores, bem como nos servi√ßos que entregamos. Somos uma marca que pede licen√ßa para melhorar a vida da popula√ß√£o de dezenas de cidades, levando sa√∫de, dignidade e bem-estar.A Concession√°riaA √Åguas do Rio, concession√°ria da Aegea √© respons√°vel pelo abastecimento de √°gua e esgotamento sanit√°rio em 27 munic√≠pios do estado do Rio de Janeiro, incluindo 124 bairros da capital, atendendo 10 milh√µes de pessoas.Durante o per√≠odo de concess√£o, iniciado em 1¬∫ de novembro de 2021, a companhia realizar√° o maior investimento em saneamento b√°sico no pa√≠s, em torno de R$ 39 bilh√µes. R$ 15,4 bilh√µes em outorga, para serem aplicados em projetos priorit√°rios dos governos estadual e municipais, e R$ 24,4 bilh√µes para a universaliza√ß√£o dos servi√ßos de √°gua e esgoto, que ser√° alcan√ßada nos primeiros 12 anos, em alinhamento ao novo Marco Regulat√≥rio de Saneamento.Programa Respeito d√° o TomO programa nasceu com a meta de espelhar a demografia da popula√ß√£o brasileira no quadro de funcion√°rios da empresa.&nbsp;A partir de 2020 passou por uma revis√£o e seu objetivo foi reconfigurado: espelhar a popula√ß√£o negra em todos os n√≠veis hier√°rquicos.Em 2022 a Aegea emitiu um t√≠tulo sustent√°vel atrelado a metas que incluem alcan√ßar 45% de mulheres e 27% de negros em cargos de lideran√ßa at√© 2030, sendo pioneira em se comprometer com meta de diversidade racial em cargos de lideran√ßa.Responsabilidades e atribui√ß√µesSuportar atividades operacionais relacionadas √† servi√ßos prediais;Elaborar e monitorar a execu√ß√£o do plano de manuten√ß√£o;Fornecer insumos para o cumprimento dos servi√ßos prediais;Garantir o mapeamento de todos os bens patrimoniais;Atualizar o plano de manuten√ß√£o com base na melhoria cont√≠nua dos processos.Requisitos e qualifica√ß√µesEnsino superior completo em Engenharia civil ou √°reas afins;Pacote Office avan√ßado, com √™nfase em Excel;Forte vivencia com atividades relacionadas a gest√£o de materiais de constru√ß√£o civil;F√°cil acesso a zona sul do Rio de Janeiro;Perfil anal√≠tico, com foco em resultado, qualidade e no cliente.Informa√ß√µes adicionaisAssist√™ncia m√©dica;Assist√™ncia odontol√≥gica;Seguro de vida;Vale transporte;Vale alimenta√ß√£o e/ou refei√ß√£o;Einstein Conecta; AE Orienta - Aconselhamento Psicol√≥gico, Financeiro, Jur√≠dico e social;Gympass;Auxilio creche para as m√£es;Empr√©stimo consignado em folha;Participa√ß√£o nos Lucros e Resultados.Sup. Sede#Rio",Aegea Saneamento,vacancy_type_effective,,False,Rio de Janeiro,Rio de Janeiro,Brasil,https://aegea.gupy.io/job/eyJqb2JJZCI6NjAwNTE4Nywic291cmNlIjoiZ3VweV9wb3J0YWwifQ==?jobBoardSource=gupy_portal,True,on-site
6005411,2023-11-18T17:04:11.384Z,Data Tech Lead (Feature Team Lead),"Vem ser nosso Tech Lead! Ou, no velho e bom portugu√™s, nosso l√≠der t√©cnico. Precisamos do seu olhar t√©cnico e da sua lideran√ßa pra manter nossa equipe de desenvolvimento motivada e engajada nos projetos. E pra isso, voc√™ vai precisar orientar o time, gerenciar o projeto e manter a comunica√ß√£o fluida com as outras equipes. Sem contar com o papel principal de elaborar uma vis√£o t√©cnica do que est√° sendo desenvolvido pra que a equipe desenvolva com efici√™ncia. Te esperamos com um time de especialistas em projetos globais e inovadores, t√£o apaixonados por tecnologia quanto voc√™.&nbsp;Se voc√™ gosta de se desafiar, entregar resultados e sentir o impacto do seu trabalho no mercado global, a dica √©: #VemSerZallpy.Nesta oportunidade, voc√™ estar√° atuando em projeto internacional junto de uma squad √°gil de um dos 3 maiores players do setor automotivo.Se identificou? Queremos te conhecer!Aproveite para conhecer melhor a Zallpy Digital clicando aqui&nbsp;üëâ&nbsp;https://zallpy.com/&nbsp;üòâResponsabilidades e atribui√ß√µesLiderar equipe √°gil de analistas de dados, testers e designers de relat√≥rios em um grande projeto de dados do setor automotivo nos EUASer ponto de contato entre equipes de desenvolvimento, stakeholders e usu√°riosSer respons√°vel por planejar desenvolvimento e releases junto a equipe, garantindo alinhamento com a estrat√©gia do projeto e objetivos de neg√≥cioConduzir desenvolvimento da equipe, como refer√™ncia t√©cnica em projetos complexos de reporting e data warehousingPromover um ambiente inspirador para os membros do time de colabora√ß√£o e trabalho em equipeSaber priorizar, escrever e definir crit√©rios de aceita√ß√£o para User StoriesDesenhar junto aos arquitetos do cliente a estrat√©gia para levar a equipe ao sucessoConstruir e manter um time de alta performance e entregas de alta qualidadeRequisitos e qualifica√ß√µesIngl√™s fluente (conversa√ß√£o e escrita)S√≥lida experi√™ncia em desenvolvimento de software atuando como Analista de Dados, Data Engineer, Data Science e/ou PO da √°reaTer experiencia em an√°lise de dados, data warehouse, desenvolvimento de reportsConhecimento com Jira ou ferramentas similaresSer capaz de conduzir reuni√µes e levantamento de requisitos com business, documentando e traduzindo para linguagem t√©cnicaTer como valores a comunica√ß√£o, transpar√™ncia e capacidade de compartilhar conhecimentoExperi√™ncia com cria√ß√£o de relat√≥rios com ferramentas como Tableau, PowerBI, Qlik SenseInforma√ß√µes adicionaisSer√° diferencial:Experi√™ncia com Informatica PowerCenter, Snowflake e AWSExperi√™ncia com migra√ß√£o de dados, DWExperi√™ncia com TableauConhecimento de metodologias √°geis e sua aplica√ß√£o em times de dadosJ√° ter tido experi√™ncia como engenheiro de dados /&nbsp;analista de dados",Zallpy Digital,vacancy_type_effective,,True,,,Brasil,https://zallpy.gupy.io/job/eyJqb2JJZCI6NjAwNTQxMSwic291cmNlIjoiZ3VweV9wb3J0YWwifQ==?jobBoardSource=gupy_portal,True,remote
