Data,Vaga,Nome da Empresa,Tipo de Trabalho,URL,Cidade,Estado
23/11/2023,Analista de Comunica칞칚o e Marketing Digital,Unifique Telecomunica칞칫es,Remoto,https://vemserunifique.gupy.io/job/eyJqb2JJZCI6NjAxNzI4Nywic291cmNlIjoiZ3VweV9wb3J0YWwifQ==?jobBoardSource=gupy_portal,...,...
23/11/2023,Engenheiro de Dados ,Mind Lab ,Remoto,https://mindlab.gupy.io/job/eyJqb2JJZCI6NjAzMjY3OSwic291cmNlIjoiZ3VweV9wb3J0YWwifQ==?jobBoardSource=gupy_portal,...,...
23/11/2023,Analista de CRM,Omie,Remoto,https://carreirasomie.gupy.io/job/eyJqb2JJZCI6NTk2NDA0MCwic291cmNlIjoiZ3VweV9wb3J0YWwifQ==?jobBoardSource=gupy_portal,...,...
23/11/2023,Analista de Testes para a 치rea de Backoffice,Korp,Remoto,https://korp.gupy.io/job/eyJqb2JJZCI6NjAzODUyMCwic291cmNlIjoiZ3VweV9wb3J0YWwifQ==?jobBoardSource=gupy_portal,...,...
23/11/2023,Analista de Comunica칞칚o,MJV Technology & Innovation,Remoto,https://mjvcarreiras.gupy.io/job/eyJqb2JJZCI6NTk5ODc3Mywic291cmNlIjoiZ3VweV9wb3J0YWwifQ==?jobBoardSource=gupy_portal,...,...
23/11/2023,Pessoa Analista de FP&A,Knewin,Remoto,https://knewin.gupy.io/job/eyJqb2JJZCI6NjAyNjk5MSwic291cmNlIjoiZ3VweV9wb3J0YWwifQ==?jobBoardSource=gupy_portal,...,...
23/11/2023,Analista de negocia칞칚o ,Reis Advogados,Remoto,https://reisadvogados.gupy.io/job/eyJqb2JJZCI6NjAyNjgyMiwic291cmNlIjoiZ3VweV9wb3J0YWwifQ==?jobBoardSource=gupy_portal,...,...
23/11/2023,"Analista - Bacharel em Direito sem OAB - (Media칞칚o, Administrativo)","LBCA - Lee, Brock, Camargo Advogados",Remoto,https://lbca.gupy.io/job/eyJqb2JJZCI6NjAzMzgxMiwic291cmNlIjoiZ3VweV9wb3J0YWwifQ==?jobBoardSource=gupy_portal,...,...
23/11/2023,"Analista - Bacharel em Direito sem OAB - (Media칞칚o, Administrativo) - INTERNA  ",Confidencial,Remoto,https://confidencial21rh.gupy.io/job/eyJqb2JJZCI6NjAzMzgwMywic291cmNlIjoiZ3VweV9wb3J0YWwifQ==?jobBoardSource=gupy_portal,...,...
23/11/2023,Analista de CRM ,Grupo Henry Schein Brasil,Remoto,https://henryschein.gupy.io/job/eyJqb2JJZCI6NjAzMzM4MCwic291cmNlIjoiZ3VweV9wb3J0YWwifQ==?jobBoardSource=gupy_portal,...,...
23/11/2023,OI | Cientista de Dados Jr,OI - Oportunidades Internas,Remoto,https://oportunidadesinternascea.gupy.io/job/eyJqb2JJZCI6NjAzNTg0Niwic291cmNlIjoiZ3VweV9wb3J0YWwifQ==?jobBoardSource=gupy_portal,...,...
23/11/2023,Cientista de Dados Jr,C&A Brasil,Remoto,https://cea.gupy.io/job/eyJqb2JJZCI6NTY2NTQxMSwic291cmNlIjoiZ3VweV9wb3J0YWwifQ==?jobBoardSource=gupy_portal,...,...
23/11/2023,CAS - Data Leader - Foco em Ci칡ncia de Dados,Sicredi,Remoto,https://sicredi.gupy.io/job/eyJqb2JJZCI6NjAzNDgxNCwic291cmNlIjoiZ3VweV9wb3J0YWwifQ==?jobBoardSource=gupy_portal,...,...
23/11/2023,CAS - Cientista de Dados - Foco CRM e Personaliza칞칚o - Afirmativa para Mulheres,Sicredi,Remoto,https://sicredi.gupy.io/job/eyJqb2JJZCI6NjAzNDcyMCwic291cmNlIjoiZ3VweV9wb3J0YWwifQ==?jobBoardSource=gupy_portal,...,...
23/11/2023,CAS - Engenheiro de Dados - Foco em Cr칠dito,Sicredi,Remoto,https://sicredi.gupy.io/job/eyJqb2JJZCI6NjAzNDU3Niwic291cmNlIjoiZ3VweV9wb3J0YWwifQ==?jobBoardSource=gupy_portal,...,...
23/11/2023,CAS - Data Leader de Governan칞a & Qualidade de Dados,Sicredi,Remoto,https://sicredi.gupy.io/job/eyJqb2JJZCI6NjAzNDQ2MCwic291cmNlIjoiZ3VweV9wb3J0YWwifQ==?jobBoardSource=gupy_portal,...,...
23/11/2023,Profissional de Lideran칞a T칠cnica de Ci칡ncia de Dados,Radix Engenharia e Software,Remoto,https://radixeng.gupy.io/job/eyJqb2JJZCI6NjAxMzUzNSwic291cmNlIjoiZ3VweV9wb3J0YWwifQ==?jobBoardSource=gupy_portal,...,...
23/11/2023,Python Bash Developer,STEFANINI LATAM,Remoto,https://stefaninilatam.gupy.io/job/eyJqb2JJZCI6NjAyOTcyNCwic291cmNlIjoiZ3VweV9wb3J0YWwifQ==?jobBoardSource=gupy_portal,...,...
23/11/2023,CAS - Data Leader - Foco em Recupera칞칚o de Cr칠dito,Sicredi,Remoto,https://sicredi.gupy.io/job/eyJqb2JJZCI6NjAzNDM3Nywic291cmNlIjoiZ3VweV9wb3J0YWwifQ==?jobBoardSource=gupy_portal,...,...
23/11/2023,Analista de M칤dia J칰nior - Bens de Consumo,WPP Media Services,Hi패brido,https://wms.gupy.io/job/eyJqb2JJZCI6NTk4ODgxNCwic291cmNlIjoiZ3VweV9wb3J0YWwifQ==?jobBoardSource=gupy_portal,S칚o Paulo,S칚o Paulo
23/11/2023,Analista de Controladoria - BPO ,Trinus.Co,Hi패brido,https://trinusco.gupy.io/job/eyJqb2JJZCI6NTY3OTQzMywic291cmNlIjoiZ3VweV9wb3J0YWwifQ==?jobBoardSource=gupy_portal,S칚o Paulo,S칚o Paulo
23/11/2023,Analista de Comunica칞칚o PR (Tecnologia e Infraestrutura),Giusti Creative PR,Hi패brido,https://giusticom.gupy.io/job/eyJqb2JJZCI6NjAxNDUxNSwic291cmNlIjoiZ3VweV9wb3J0YWwifQ==?jobBoardSource=gupy_portal,S칚o Paulo,S칚o Paulo
23/11/2023,ANALISTA P칍S VENDA (FROTA) - CURITIBA,Unidas,Hi패brido,https://unidas.gupy.io/job/eyJqb2JJZCI6NjAzNzk2Mywic291cmNlIjoiZ3VweV9wb3J0YWwifQ==?jobBoardSource=gupy_portal,Curitiba,Paran치
23/11/2023,ANALISTA DE FROTA JR - JUIZ DE FORA MG,Unidas,Hi패brido,https://unidas.gupy.io/job/eyJqb2JJZCI6NjAzNzkxMywic291cmNlIjoiZ3VweV9wb3J0YWwifQ==?jobBoardSource=gupy_portal,Juiz de Fora,Minas Gerais
23/11/2023,ANALISTA P칍S VENDA (FROTA) - AMADANTINA SP,Unidas,Hi패brido,https://unidas.gupy.io/job/eyJqb2JJZCI6NjAzNzc5Miwic291cmNlIjoiZ3VweV9wb3J0YWwifQ==?jobBoardSource=gupy_portal,Adamantina,S칚o Paulo
23/11/2023,Analista de Compras J칰nior | Alphaville,G2L Log칤stica,Hi패brido,https://vemprag2l.gupy.io/job/eyJqb2JJZCI6NTk5NTIwOSwic291cmNlIjoiZ3VweV9wb3J0YWwifQ==?jobBoardSource=gupy_portal,Barueri,S칚o Paulo
23/11/2023,Analista de Compras Jr,iCrop ,Hi패brido,https://icrop.gupy.io/job/eyJqb2JJZCI6NjAzNTgyNSwic291cmNlIjoiZ3VweV9wb3J0YWwifQ==?jobBoardSource=gupy_portal,Uberl칙ndia,Minas Gerais
23/11/2023,Analista de Controladoria,Nexo CS,Hi패brido,https://nexocs.gupy.io/job/eyJqb2JJZCI6NjAyMjY4OSwic291cmNlIjoiZ3VweV9wb3J0YWwifQ==?jobBoardSource=gupy_portal,Rio de Janeiro,Rio de Janeiro
23/11/2023,Analista de Customer Success | Jornada Low Touch - Pequenas Empresas,Gupy,Hi패brido,https://vempra.gupy.io/job/eyJqb2JJZCI6NjAzNDA5OCwic291cmNlIjoiZ3VweV9wb3J0YWwifQ==?jobBoardSource=gupy_portal,S칚o Paulo,S칚o Paulo
23/11/2023,Analista Prospec칞칚o J칰nior,Construtora Tenda,Hi패brido,https://tenda.gupy.io/job/eyJqb2JJZCI6NTg4NDA1Miwic291cmNlIjoiZ3VweV9wb3J0YWwifQ==?jobBoardSource=gupy_portal,S칚o Paulo,S칚o Paulo
23/11/2023,Analista de Cria칞칚o,Grupo Massa,Hi패brido,https://grupomassa.gupy.io/job/eyJqb2JJZCI6NjAxMDc0Nywic291cmNlIjoiZ3VweV9wb3J0YWwifQ==?jobBoardSource=gupy_portal,Curitiba,Paran치
23/11/2023,AMBIPAR RESPONSE ES - Analista Ambiental - Onshore,Ambipar Response ES S/A,Hi패brido,https://ambipar.gupy.io/job/eyJqb2JJZCI6NjAyMzMwNywic291cmNlIjoiZ3VweV9wb3J0YWwifQ==?jobBoardSource=gupy_portal,Rio de Janeiro,Rio de Janeiro
23/11/2023,Analista de suporte Jr | TRACK&FIELD | S칚o Paulo ,游 A sele칞칚o j치 est치 rolando na Track&Field! Vem com a gente?,Hi패brido,https://tfcarreira.gupy.io/job/eyJqb2JJZCI6NjAzNjM3Miwic291cmNlIjoiZ3VweV9wb3J0YWwifQ==?jobBoardSource=gupy_portal,S칚o Paulo,S칚o Paulo
23/11/2023,Analista Suprimentos III,Auren Energia,Hi패brido,https://aurenenergia.gupy.io/job/eyJqb2JJZCI6NjAxMDE4Nywic291cmNlIjoiZ3VweV9wb3J0YWwifQ==?jobBoardSource=gupy_portal,S칚o Paulo,S칚o Paulo
23/11/2023,Analista Cont치bil JR,Fortbras,Hi패brido,https://fortbras.gupy.io/job/eyJqb2JJZCI6NjAyMjQ3OSwic291cmNlIjoiZ3VweV9wb3J0YWwifQ==?jobBoardSource=gupy_portal,S칚o Paulo,S칚o Paulo
23/11/2023,Analista Telecom J칰nior - Exclusiva para PcDs,Vivo Diversidade,Hi패brido,https://vivodiversidade.gupy.io/job/eyJqb2JJZCI6NjAzMjg4Nywic291cmNlIjoiZ3VweV9wb3J0YWwifQ==?jobBoardSource=gupy_portal,S칚o Paulo,S칚o Paulo
23/11/2023,Analista Rela칞칚o Investidor Jr,VBI Real Estate,Hi패brido,https://vbirealestate.gupy.io/job/eyJqb2JJZCI6NjAzNTUyOSwic291cmNlIjoiZ3VweV9wb3J0YWwifQ==?jobBoardSource=gupy_portal,S칚o Paulo,S칚o Paulo
23/11/2023,Analista de Pricing J칰nior,ZAMP,Hi패brido,https://zamp.gupy.io/job/eyJqb2JJZCI6NjAyNTkyOSwic291cmNlIjoiZ3VweV9wb3J0YWwifQ==?jobBoardSource=gupy_portal,Barueri,S칚o Paulo
23/11/2023,Analista Pricing J칰nior,ZAMP,Hi패brido,https://zamp.gupy.io/job/eyJqb2JJZCI6NjAyOTA4Niwic291cmNlIjoiZ3VweV9wb3J0YWwifQ==?jobBoardSource=gupy_portal,Barueri,S칚o Paulo
23/11/2023,Analista de Infraestrutura Microsoft TI I,Lojas Renner,Hi패brido,https://renner.gupy.io/job/eyJqb2JJZCI6NjAzNTEzNiwic291cmNlIjoiZ3VweV9wb3J0YWwifQ==?jobBoardSource=gupy_portal,Porto Alegre,Rio Grande do Sul
23/11/2023,Analista de Sistemas I ,Saque e Pague,Hi패brido,https://saqueepague.gupy.io/job/eyJqb2JJZCI6NjAzNDgwOCwic291cmNlIjoiZ3VweV9wb3J0YWwifQ==?jobBoardSource=gupy_portal,Porto Alegre,Rio Grande do Sul
23/11/2023,Analista de Customer Service Junior,Steck Ind칰stria El칠trica,Hi패brido,https://steck.gupy.io/job/eyJqb2JJZCI6NTk5NTM2MCwic291cmNlIjoiZ3VweV9wb3J0YWwifQ==?jobBoardSource=gupy_portal,S칚o Paulo,S칚o Paulo
23/11/2023,Analista Educa칞칚o,Dasa,Hi패brido,https://dasacorp.gupy.io/job/eyJqb2JJZCI6NjAzMzk0MSwic291cmNlIjoiZ3VweV9wb3J0YWwifQ==?jobBoardSource=gupy_portal,S칚o Paulo,S칚o Paulo
23/11/2023,ANALISTA DE MONITORAMENTO J칔NIOR,Skyone,Hi패brido,https://skyone.gupy.io/job/eyJqb2JJZCI6NjAzMzYzNywic291cmNlIjoiZ3VweV9wb3J0YWwifQ==?jobBoardSource=gupy_portal,S칚o Paulo,S칚o Paulo
23/11/2023,ANALISTA RH I (RECRUTAMENTO E SELE칂츾O)  ,Energisa,Hi패brido,https://grupoenergisa.gupy.io/job/eyJqb2JJZCI6NjAzMzc4OSwic291cmNlIjoiZ3VweV9wb3J0YWwifQ==?jobBoardSource=gupy_portal,Porto Velho,Rond칪nia
23/11/2023,Pessoa Analista Fiscal (Fortaleza - CE),Grupo Brisanet,Hi패brido,https://brisanet.gupy.io/job/eyJqb2JJZCI6NTkwODkwNCwic291cmNlIjoiZ3VweV9wb3J0YWwifQ==?jobBoardSource=gupy_portal,Fortaleza,Cear치
23/11/2023,Engenheiro de Dados Jr,Genial Investimentos,Hi패brido,https://genial.gupy.io/job/eyJqb2JJZCI6NjAzNzY1Miwic291cmNlIjoiZ3VweV9wb3J0YWwifQ==?jobBoardSource=gupy_portal,S칚o Paulo,S칚o Paulo
23/11/2023,Auditor(a) Interno - Foco em Dados,Sicredi,Hi패brido,https://sicredi.gupy.io/job/eyJqb2JJZCI6NjAzNDI5OCwic291cmNlIjoiZ3VweV9wb3J0YWwifQ==?jobBoardSource=gupy_portal,Porto Alegre,Rio Grande do Sul
23/11/2023,Gerente de Data Science (Machine Learning),Vagas MRM Brasil,Hi패brido,https://mrm.gupy.io/job/eyJqb2JJZCI6NjAzMzU4Nywic291cmNlIjoiZ3VweV9wb3J0YWwifQ==?jobBoardSource=gupy_portal,S칚o Paulo,S칚o Paulo
23/11/2023,Analista de Transporte,J&T Express Brasil,Presencial,https://jtexpressbr.gupy.io/job/eyJqb2JJZCI6NjAzMzI3Mywic291cmNlIjoiZ3VweV9wb3J0YWwifQ==?jobBoardSource=gupy_portal,Rio de Janeiro,Rio de Janeiro
23/11/2023,Analista de Marketing,Junte-se ao time PASHAL! 丘勇游리,Presencial,https://pashal.gupy.io/job/eyJqb2JJZCI6NjAzMzE0OSwic291cmNlIjoiZ3VweV9wb3J0YWwifQ==?jobBoardSource=gupy_portal,S칚o Paulo,S칚o Paulo
23/11/2023,Analista de Marketing de Produto,Valenet Carreiras,Presencial,https://valenetcarreiras.gupy.io/job/eyJqb2JJZCI6NTg5MTYyNiwic291cmNlIjoiZ3VweV9wb3J0YWwifQ==?jobBoardSource=gupy_portal,Belo Horizonte,Minas Gerais
23/11/2023,ANALISTA DE OPERACOES E TESOURARIA JUNIOR,Ita칰 Unibanco,Presencial,https://vemproitau.gupy.io/job/eyJqb2JJZCI6NjAyNDM4Nywic291cmNlIjoiZ3VweV9wb3J0YWwifQ==?jobBoardSource=gupy_portal,Sao Paulo,S칚o Paulo
23/11/2023,Analista Engenharia ,Zaraplast,Presencial,https://zaraplast.gupy.io/job/eyJqb2JJZCI6NjAzMzAyOCwic291cmNlIjoiZ3VweV9wb3J0YWwifQ==?jobBoardSource=gupy_portal,Limeira,S칚o Paulo
23/11/2023,Analista de Desenvolvimento do Cooperativismo - Educa칞칚o Financeira | Sede Administrativa - Erechim/RS,Sicredi,Presencial,https://sicredi.gupy.io/job/eyJqb2JJZCI6NjAyNTg3NCwic291cmNlIjoiZ3VweV9wb3J0YWwifQ==?jobBoardSource=gupy_portal,Erechim,Rio Grande do Sul
23/11/2023,ANALISTA CONT츼BIL,Movida Aluguel de Carros,Presencial,https://movida.gupy.io/job/eyJqb2JJZCI6NjAxNzM4MSwic291cmNlIjoiZ3VweV9wb3J0YWwifQ==?jobBoardSource=gupy_portal,Mogi das Cruzes,S칚o Paulo
23/11/2023,Analista de Neg칩cios de TI,Oportunidades OVD!,Presencial,https://ovd.gupy.io/job/eyJqb2JJZCI6NjAzMjg3MSwic291cmNlIjoiZ3VweV9wb3J0YWwifQ==?jobBoardSource=gupy_portal,Curitiba,Paran치
23/11/2023,Analista de Log칤stica - Menil Bauru/SP,Oportunidades Sigilosas,Presencial,https://sigilovagas.gupy.io/job/eyJqb2JJZCI6NjAxNjEzOCwic291cmNlIjoiZ3VweV9wb3J0YWwifQ==?jobBoardSource=gupy_portal,Bauru,S칚o Paulo
23/11/2023,Analista Jr./Est치gio Financeiro - Contas a pagar ,Grupo GCB,Presencial,https://grupogcb.gupy.io/job/eyJqb2JJZCI6NjAzMTE5MCwic291cmNlIjoiZ3VweV9wb3J0YWwifQ==?jobBoardSource=gupy_portal,S칚o Paulo,S칚o Paulo
23/11/2023,C칍D. 6027970 - ANALISTA DE INFRAESTRUTURA J칔NIOR,Quality Digital,Presencial,https://qualitydigital.gupy.io/job/eyJqb2JJZCI6NjAyNzk3MCwic291cmNlIjoiZ3VweV9wb3J0YWwifQ==?jobBoardSource=gupy_portal,Rio de Janeiro,Rio de Janeiro
23/11/2023,Analista de Customer Success - Residente em Guarulhos/SP,Geopixel,Presencial,https://geopixel.gupy.io/job/eyJqb2JJZCI6NjAyNzE1NCwic291cmNlIjoiZ3VweV9wb3J0YWwifQ==?jobBoardSource=gupy_portal,Guarulhos,S칚o Paulo
23/11/2023,Analista de Equity -  Imobili치rio,Trinus.Co,Presencial,https://trinusco.gupy.io/job/eyJqb2JJZCI6NjAwNjQ1Nywic291cmNlIjoiZ3VweV9wb3J0YWwifQ==?jobBoardSource=gupy_portal,Goi칙nia,Goi치s
23/11/2023,Analista/L칤der Operacional para ROLIM DE MOURA,J&T Express Brasil,Presencial,https://jtexpressbr.gupy.io/job/eyJqb2JJZCI6NjAzODYzNSwic291cmNlIjoiZ3VweV9wb3J0YWwifQ==?jobBoardSource=gupy_portal,Rolim de Moura,Rond칪nia
23/11/2023,Analista de Sucesso do Cliente ,Trinus.Co,Presencial,https://trinusco.gupy.io/job/eyJqb2JJZCI6NTk4MzE0Nywic291cmNlIjoiZ3VweV9wb3J0YWwifQ==?jobBoardSource=gupy_portal,Goi칙nia,Goi치s
23/11/2023,ANALISTA COMERCIAL - MATRIZ - S츾O PAULO/SP,Rold칚o Atacadista,Presencial,https://roldao.gupy.io/job/eyJqb2JJZCI6NjAzMjk5Nywic291cmNlIjoiZ3VweV9wb3J0YWwifQ==?jobBoardSource=gupy_portal,S칚o Paulo,S칚o Paulo
23/11/2023,Analista de Field Services I - Noite (Barueri) ,Total Express,Presencial,https://totalexpress.gupy.io/job/eyJqb2JJZCI6NjAzODQ2MSwic291cmNlIjoiZ3VweV9wb3J0YWwifQ==?jobBoardSource=gupy_portal,Barueri,S칚o Paulo
23/11/2023,Analista de Desenvolvimento de Pessoas - Cresol Noroeste - Sede,Cresol Central Brasil,Presencial,https://cresolcentral.gupy.io/job/eyJqb2JJZCI6NjAxMTAxNywic291cmNlIjoiZ3VweV9wb3J0YWwifQ==?jobBoardSource=gupy_portal,Constantina,Rio Grande do Sul
23/11/2023,ANALISTA TRANSPORTE,Bernoulli Educa칞칚o,Presencial,https://bernoullieducacao.gupy.io/job/eyJqb2JJZCI6NTc0NDE3Miwic291cmNlIjoiZ3VweV9wb3J0YWwifQ==?jobBoardSource=gupy_portal,Contagem,Minas Gerais
23/11/2023,Analista de Processos (Desenvolvedor RPA)  - Sede Administrativa - Lucas do Rio Verde MT ,Sicredi,Presencial,https://sicredi.gupy.io/job/eyJqb2JJZCI6NTk4MTM4NSwic291cmNlIjoiZ3VweV9wb3J0YWwifQ==?jobBoardSource=gupy_portal,Lucas do Rio Verde,Mato Grosso
23/11/2023,ANALISTA SUPORTE JR,Stefanini Group,Presencial,https://stefanini.gupy.io/job/eyJqb2JJZCI6NjAxNDMxNywic291cmNlIjoiZ3VweV9wb3J0YWwifQ==?jobBoardSource=gupy_portal,Rio de Janeiro,Rio de Janeiro
23/11/2023,Analista de Preven칞칚o  Fraude Jr,Vagas Banco Sofisa,Presencial,https://bancosofisa.gupy.io/job/eyJqb2JJZCI6NjAwNDg3NCwic291cmNlIjoiZ3VweV9wb3J0YWwifQ==?jobBoardSource=gupy_portal,S칚o Paulo,S칚o Paulo
23/11/2023,ANALISTA DE PRODUTOS JR,CVC Corp,Presencial,https://cvccorp.gupy.io/job/eyJqb2JJZCI6NTczNTQyOCwic291cmNlIjoiZ3VweV9wb3J0YWwifQ==?jobBoardSource=gupy_portal,Santo Andr칠,S칚o Paulo
23/11/2023,ANALISTA TECNICO FROTA - SALVADOR,Unidas,Presencial,https://unidas.gupy.io/job/eyJqb2JJZCI6NjAzNzc0Nywic291cmNlIjoiZ3VweV9wb3J0YWwifQ==?jobBoardSource=gupy_portal,Salvador,Bahia
23/11/2023,ANALISTA TECNICO FROTA - NATAL,Unidas,Presencial,https://unidas.gupy.io/job/eyJqb2JJZCI6NjAzNzY4OSwic291cmNlIjoiZ3VweV9wb3J0YWwifQ==?jobBoardSource=gupy_portal,Natal,Rio Grande do Norte
23/11/2023,ANALISTA DE ADMINISTRA칂츾O DE PESSOAL JR,Vaga Confidencial Guarulhos,Presencial,https://vagaconfidencialguarulhos.gupy.io/job/eyJqb2JJZCI6NjAzNzM1Niwic291cmNlIjoiZ3VweV9wb3J0YWwifQ==?jobBoardSource=gupy_portal,Guarulhos,S칚o Paulo
23/11/2023,Analista de Suporte Engenharia TV Jr,Grupo Massa,Presencial,https://grupomassa.gupy.io/job/eyJqb2JJZCI6NTk5ODIyOSwic291cmNlIjoiZ3VweV9wb3J0YWwifQ==?jobBoardSource=gupy_portal,Curitiba,Paran치
23/11/2023,Analista de Suporte Comercial  - Vaga Exclusiva para Profissionais com Defici칡ncia | Loja Tijuca /RJ  ,Vivo Diversidade,Presencial,https://vivodiversidade.gupy.io/job/eyJqb2JJZCI6NjAwOTg4MCwic291cmNlIjoiZ3VweV9wb3J0YWwifQ==?jobBoardSource=gupy_portal,Rio de Janeiro,Rio de Janeiro
23/11/2023,Analista Financeiro de Lojas de Franquia - bairro Rio Tavares,LOFT DESIGN Franquias,Presencial,https://loftdesign.gupy.io/job/eyJqb2JJZCI6NjAzNzM1OCwic291cmNlIjoiZ3VweV9wb3J0YWwifQ==?jobBoardSource=gupy_portal,Florian칩polis,Santa Catarina
23/11/2023,ANALISTA NEGOCIOS JR,Stefanini Group,Presencial,https://stefanini.gupy.io/job/eyJqb2JJZCI6NjAzNjA0OSwic291cmNlIjoiZ3VweV9wb3J0YWwifQ==?jobBoardSource=gupy_portal,Sao Paulo,S칚o Paulo
23/11/2023,ANALISTA CONT츼BIL - Teresina/PI,REDE CACIQUE,Presencial,https://redecacique.gupy.io/job/eyJqb2JJZCI6NjAzNzEwNywic291cmNlIjoiZ3VweV9wb3J0YWwifQ==?jobBoardSource=gupy_portal,Teresina,Piau칤
23/11/2023,Analista de M칤dias Sociais,Autoglass Administrativo,Presencial,https://autoglassadministrativo.gupy.io/job/eyJqb2JJZCI6NTk5NTA1OSwic291cmNlIjoiZ3VweV9wb3J0YWwifQ==?jobBoardSource=gupy_portal,Vila Velha,Esp칤rito Santo
23/11/2023,ANALISTA DE ATENDIMENTO ICARROS,Ita칰 Unibanco,Presencial,https://vemproitau.gupy.io/job/eyJqb2JJZCI6NjAyMzcxMywic291cmNlIjoiZ3VweV9wb3J0YWwifQ==?jobBoardSource=gupy_portal,Sao Paulo,S칚o Paulo
23/11/2023,ANALISTA RECURSO GLOSA JR,P치gina de Carreira,Presencial,https://hapvidandi.gupy.io/job/eyJqb2JJZCI6NTk5OTU0Mywic291cmNlIjoiZ3VweV9wb3J0YWwifQ==?jobBoardSource=gupy_portal,S칚o Paulo,S칚o Paulo
23/11/2023,ANALISTA DE PROCESSOS E MELHORIAS - JSL,JSL,Presencial,https://jsl.gupy.io/job/eyJqb2JJZCI6NjAzNjE1Niwic291cmNlIjoiZ3VweV9wb3J0YWwifQ==?jobBoardSource=gupy_portal,Hortol칙ndia,S칚o Paulo
23/11/2023,ANALISTA DE SUPORTE JR ,LINKEDIN,Presencial,https://americanet.gupy.io/job/eyJqb2JJZCI6NjAzNjM3Mywic291cmNlIjoiZ3VweV9wb3J0YWwifQ==?jobBoardSource=gupy_portal,Barueri,S칚o Paulo
23/11/2023,ANALISTA CONT츼BIL JR,P치gina de Carreira,Presencial,https://hapvidandi.gupy.io/job/eyJqb2JJZCI6NjAzNjE1NSwic291cmNlIjoiZ3VweV9wb3J0YWwifQ==?jobBoardSource=gupy_portal,Belo Horizonte,Minas Gerais
23/11/2023,1034/2023 - PPS - Analista de Marketing Digital (Sistema Fiemt Cuiab치-MT),"Sistema Fiemt | Fiemt, Sesi MT, Senai MT e IEL MT",Presencial,https://sistemafiemt.gupy.io/job/eyJqb2JJZCI6NTk2NTUxNiwic291cmNlIjoiZ3VweV9wb3J0YWwifQ==?jobBoardSource=gupy_portal,Cuiab치,Mato Grosso
23/11/2023,Analista de Cadastro e Cataloga칞칚o JR,Confidencial,Presencial,https://confidencial1997.gupy.io/job/eyJqb2JJZCI6NTg5NjkxMSwic291cmNlIjoiZ3VweV9wb3J0YWwifQ==?jobBoardSource=gupy_portal,Porto Alegre,Rio Grande do Sul
23/11/2023,Analista de Performance e Estrat칠gia para E-commerce no Mercado Livre,Mamba,Presencial,https://mambadigital.gupy.io/job/eyJqb2JJZCI6NjAzNTQwMywic291cmNlIjoiZ3VweV9wb3J0YWwifQ==?jobBoardSource=gupy_portal,S칚o Paulo,S칚o Paulo
23/11/2023,Analista Comercial,Recrutamento e Sele칞칚o de Profissionais Grupo Escalar ,Presencial,https://recrutamentoescalar.gupy.io/job/eyJqb2JJZCI6NjAyNTE4Mywic291cmNlIjoiZ3VweV9wb3J0YWwifQ==?jobBoardSource=gupy_portal,Belo Horizonte,Minas Gerais
23/11/2023,Analista de Contabilidade  ,Grupo Elfa,Presencial,https://grupoelfa.gupy.io/job/eyJqb2JJZCI6NjAwMzE2NCwic291cmNlIjoiZ3VweV9wb3J0YWwifQ==?jobBoardSource=gupy_portal,Jo칚o Pessoa,Para칤ba
23/11/2023,Analista da Qualidade,LG Electronics - Manaus/AM,Presencial,https://lge.gupy.io/job/eyJqb2JJZCI6NjAzNDgxOCwic291cmNlIjoiZ3VweV9wb3J0YWwifQ==?jobBoardSource=gupy_portal,Manaus,Amazonas
23/11/2023,Analista de Benef칤cios Jr - Jundia칤 , IT'SSEG COMPANY,Presencial,https://itsseg-company.gupy.io/job/eyJqb2JJZCI6NTk5ODUzNCwic291cmNlIjoiZ3VweV9wb3J0YWwifQ==?jobBoardSource=gupy_portal,Jundia칤,S칚o Paulo
23/11/2023,Analista de Desenvolvimento de Sistemas II,Grupo Santa Maria,Presencial,https://santamaria.gupy.io/job/eyJqb2JJZCI6NTkyOTExNSwic291cmNlIjoiZ3VweV9wb3J0YWwifQ==?jobBoardSource=gupy_portal,Guarapuava,Paran치
23/11/2023,Analista Controles Operacionais Jr,Ra칤zen ,Presencial,https://genteraizen.gupy.io/job/eyJqb2JJZCI6NTg3NzkxMCwic291cmNlIjoiZ3VweV9wb3J0YWwifQ==?jobBoardSource=gupy_portal,Jata칤,Goi치s
23/11/2023,ANALISTA EM DESENVOLVIMENTO DE PRODUTO TRAINEE,Zaraplast,Presencial,https://zaraplast.gupy.io/job/eyJqb2JJZCI6NjAzNTA2MCwic291cmNlIjoiZ3VweV9wb3J0YWwifQ==?jobBoardSource=gupy_portal,Cabre칰va,S칚o Paulo
23/11/2023,Analista de Log칤stica (Foco Gest칚o de Entregas/Torre de Controle),Italac - L치 em casa tem!,Presencial,https://italac.gupy.io/job/eyJqb2JJZCI6NjAzNTA1Niwic291cmNlIjoiZ3VweV9wb3J0YWwifQ==?jobBoardSource=gupy_portal,S칚o Paulo,S칚o Paulo
23/11/2023,Contratos - Pessoa Analista de Contratos (EPIX),Timenow,Presencial,https://time-now.gupy.io/job/eyJqb2JJZCI6NjAyNjU0NSwic291cmNlIjoiZ3VweV9wb3J0YWwifQ==?jobBoardSource=gupy_portal,Serra,Esp칤rito Santo
23/11/2023,Analista de Log칤stica Jr,Confidencial,Presencial,https://confidencialpag.gupy.io/job/eyJqb2JJZCI6NjAyMzE0Miwic291cmNlIjoiZ3VweV9wb3J0YWwifQ==?jobBoardSource=gupy_portal,Rio de Janeiro,Rio de Janeiro
23/11/2023,Analista de Servi칞os (Facilites),LG Electronics - Manaus/AM,Presencial,https://lge.gupy.io/job/eyJqb2JJZCI6NjAyNjY5MSwic291cmNlIjoiZ3VweV9wb3J0YWwifQ==?jobBoardSource=gupy_portal,Manaus,Amazonas
23/11/2023,IT Support Analyst (Analista de Suporte TI),TD SYNNEX,Presencial,https://synnexwestconcomstor.gupy.io/job/eyJqb2JJZCI6NjAzMzg0NSwic291cmNlIjoiZ3VweV9wb3J0YWwifQ==?jobBoardSource=gupy_portal,Serra,Esp칤rito Santo
23/11/2023,Analista Controle de Qualidade ,Agroneg칩cio,Presencial,https://grupofertipar.gupy.io/job/eyJqb2JJZCI6NjAzMzQ5NSwic291cmNlIjoiZ3VweV9wb3J0YWwifQ==?jobBoardSource=gupy_portal,Serra,Esp칤rito Santo
23/11/2023,JBS Novos Neg칩cios - Biodiesel Mafra/SC - Analista de Laborat칩rio ,JBS,Presencial,https://jbs.gupy.io/job/eyJqb2JJZCI6NjAzMzk5NCwic291cmNlIjoiZ3VweV9wb3J0YWwifQ==?jobBoardSource=gupy_portal,Mafra,Santa Catarina
23/11/2023,Analista de Cobran칞a ,Trinus.Co,Presencial,https://trinusco.gupy.io/job/eyJqb2JJZCI6NTkzMDUxMiwic291cmNlIjoiZ3VweV9wb3J0YWwifQ==?jobBoardSource=gupy_portal,Goi칙nia,Goi치s
23/11/2023,ANALISTA DE TRADE MARKETING JR,Confidencial,Presencial,https://confidencial20223.gupy.io/job/eyJqb2JJZCI6NjAzMzgxNSwic291cmNlIjoiZ3VweV9wb3J0YWwifQ==?jobBoardSource=gupy_portal,S칚o Paulo,S칚o Paulo
23/11/2023,Analista Sinistro Junior (Vida),Porto,Presencial,https://porto.gupy.io/job/eyJqb2JJZCI6NTgzMDI2NCwic291cmNlIjoiZ3VweV9wb3J0YWwifQ==?jobBoardSource=gupy_portal,S칚o Paulo,S칚o Paulo
23/11/2023,Analista de Seguran칞a da Informa칞칚o Jr.,SLC Agr칤cola,Presencial,https://slcagricola.gupy.io/job/eyJqb2JJZCI6NTk2MzUzNywic291cmNlIjoiZ3VweV9wb3J0YWwifQ==?jobBoardSource=gupy_portal,Porto Alegre,Rio Grande do Sul
23/11/2023,Analista de Pesquisa e Desenvolvimento Jr - Ingredientes,Vem ser Puravida,Presencial,https://puravida.gupy.io/job/eyJqb2JJZCI6NjAzMzk3MSwic291cmNlIjoiZ3VweV9wb3J0YWwifQ==?jobBoardSource=gupy_portal,Jandira,S칚o Paulo
23/11/2023,Analista de Relacionamento com o Cliente,Trinus.Co,Presencial,https://trinusco.gupy.io/job/eyJqb2JJZCI6NTkzMDMzMiwic291cmNlIjoiZ3VweV9wb3J0YWwifQ==?jobBoardSource=gupy_portal,Goi칙nia,Goi치s
23/11/2023,PESSOA ANALISTA ADMINISTRATIVO JR,Bauducco,Presencial,https://bauducco.gupy.io/job/eyJqb2JJZCI6NTQ2MjI5NSwic291cmNlIjoiZ3VweV9wb3J0YWwifQ==?jobBoardSource=gupy_portal,Extrema,Minas Gerais
23/11/2023,PESSOA ANALISTA ADMINISTRATIVO JR,Bauducco,Presencial,https://bauducco.gupy.io/job/eyJqb2JJZCI6NTQ2MjAwOSwic291cmNlIjoiZ3VweV9wb3J0YWwifQ==?jobBoardSource=gupy_portal,Extrema,Minas Gerais
23/11/2023,Analista de Vendas ,Confidencial,Presencial,https://peoplestar.gupy.io/job/eyJqb2JJZCI6NjAzMzYyMiwic291cmNlIjoiZ3VweV9wb3J0YWwifQ==?jobBoardSource=gupy_portal,Belo Horizonte,Minas Gerais
23/11/2023,Analista de Monitora칞칚o NOC - J칰nior,GRANITO PAGAMENTOS,Presencial,https://granitopagamentos.gupy.io/job/eyJqb2JJZCI6NTY4NTk5Nywic291cmNlIjoiZ3VweV9wb3J0YWwifQ==?jobBoardSource=gupy_portal,Barueri,S칚o Paulo
23/11/2023,F치brica de Montes Claros (F55) - Analista de Custos JR,Alpargatas,Presencial,https://alpargatas.gupy.io/job/eyJqb2JJZCI6NTc2MzEyNCwic291cmNlIjoiZ3VweV9wb3J0YWwifQ==?jobBoardSource=gupy_portal,Montes Claros,Minas Gerais
23/11/2023,Analista de Recursos Humanos com foco em DP,iK Ecossistema da Inova칞칚o,Presencial,https://ik.gupy.io/job/eyJqb2JJZCI6NjAyMzg0OSwic291cmNlIjoiZ3VweV9wb3J0YWwifQ==?jobBoardSource=gupy_portal,S칚o Paulo,S칚o Paulo
23/11/2023,Analista Suporte TI - Osasco/Mairinque,idlogistics,Presencial,https://idlogistics.gupy.io/job/eyJqb2JJZCI6NTk5NTM5NCwic291cmNlIjoiZ3VweV9wb3J0YWwifQ==?jobBoardSource=gupy_portal,Osasco,S칚o Paulo
23/11/2023,ANALISTA DE REGULACAO I ,Energisa,Presencial,https://grupoenergisa.gupy.io/job/eyJqb2JJZCI6NjAzMzQ1Mywic291cmNlIjoiZ3VweV9wb3J0YWwifQ==?jobBoardSource=gupy_portal,Campo Grande,Mato Grosso do Sul
23/11/2023,ANALISTA INDUSTRIAL | DISTRITO INDUSTRIAL | JO츾O PESSOA/PB,Elizabeth Revestimentos,Presencial,https://grupoelizabeth.gupy.io/job/eyJqb2JJZCI6NjAyNzQ5MCwic291cmNlIjoiZ3VweV9wb3J0YWwifQ==?jobBoardSource=gupy_portal,Jo칚o Pessoa,Para칤ba
23/11/2023,Analista Cont치bil ,Attivo Group,Presencial,https://attivogroup.gupy.io/job/eyJqb2JJZCI6NjAzMzQzNiwic291cmNlIjoiZ3VweV9wb3J0YWwifQ==?jobBoardSource=gupy_portal,S칚o Paulo,S칚o Paulo
22/11/2023,Data Specialist,Gringo,Remoto,https://gringo.gupy.io/job/eyJqb2JJZCI6NjAyMjcxNywic291cmNlIjoiZ3VweV9wb3J0YWwifQ==?jobBoardSource=gupy_portal,...,...
22/11/2023,Analista de Projetos JR,SharePrime,Remoto,https://shareprime.gupy.io/job/eyJqb2JJZCI6NjAyMjQ4MSwic291cmNlIjoiZ3VweV9wb3J0YWwifQ==?jobBoardSource=gupy_portal,...,...
22/11/2023,Analista de Dados,Akm Performma,Remoto,https://akmperformma.gupy.io/job/eyJqb2JJZCI6NjAyNjY0Nywic291cmNlIjoiZ3VweV9wb3J0YWwifQ==?jobBoardSource=gupy_portal,...,...
22/11/2023,Analista de Comunidades,Convert Digital Business,Remoto,https://convert.gupy.io/job/eyJqb2JJZCI6NTk5OTM3OCwic291cmNlIjoiZ3VweV9wb3J0YWwifQ==?jobBoardSource=gupy_portal,...,...
22/11/2023,Analista de Marketing de Produto,PM3,Remoto,https://cursospm3.gupy.io/job/eyJqb2JJZCI6NjAyMjc4OCwic291cmNlIjoiZ3VweV9wb3J0YWwifQ==?jobBoardSource=gupy_portal,...,...
22/11/2023,Analista de Neg칩cios - Desenvolvimento,Grupo Nexxees,Remoto,https://gruponexxees.gupy.io/job/eyJqb2JJZCI6NjAyMzI3Mywic291cmNlIjoiZ3VweV9wb3J0YWwifQ==?jobBoardSource=gupy_portal,...,...
22/11/2023,Software Engineering Lead (Golang - Data Core),Dock,Remoto,https://dock.gupy.io/job/eyJqb2JJZCI6NTczMjkyMiwic291cmNlIjoiZ3VweV9wb3J0YWwifQ==?jobBoardSource=gupy_portal,...,...
22/11/2023,Analista de Seguran칞a da Informa칞칚o,KRYPTUS,Remoto,https://kryptus.gupy.io/job/eyJqb2JJZCI6NjAyMzI1Miwic291cmNlIjoiZ3VweV9wb3J0YWwifQ==?jobBoardSource=gupy_portal,...,...
22/11/2023,ENGENHEIRO DADOS,Bernoulli Educa칞칚o,Remoto,https://bernoullieducacao.gupy.io/job/eyJqb2JJZCI6NjAyNzcwMiwic291cmNlIjoiZ3VweV9wb3J0YWwifQ==?jobBoardSource=gupy_portal,...,...
22/11/2023,Analista de Registro e Legaliza칞칚o,Lojas Renner,Hi패brido,https://renner.gupy.io/job/eyJqb2JJZCI6NjAyMjgwMSwic291cmNlIjoiZ3VweV9wb3J0YWwifQ==?jobBoardSource=gupy_portal,Porto Alegre,Rio Grande do Sul
22/11/2023,Analista de Trade Marketing Jr,Vem pra S.I.N.!,Hi패brido,https://vemprasin.gupy.io/job/eyJqb2JJZCI6NTkyNzIyOCwic291cmNlIjoiZ3VweV9wb3J0YWwifQ==?jobBoardSource=gupy_portal,S칚o Paulo,S칚o Paulo
22/11/2023,ANALISTA DE TRADE MARKETING JR - Chapec칩/SC,PPG Carreiras,Hi패brido,https://ppgbrasil.gupy.io/job/eyJqb2JJZCI6NTg5NDc0MSwic291cmNlIjoiZ3VweV9wb3J0YWwifQ==?jobBoardSource=gupy_portal,Gravata칤,Rio Grande do Sul
22/11/2023,Analista de Gest칚o de Pessoas Junior,Vem Pra Vivo,Hi패brido,https://vivo.gupy.io/job/eyJqb2JJZCI6NjAyNjc4OSwic291cmNlIjoiZ3VweV9wb3J0YWwifQ==?jobBoardSource=gupy_portal,S칚o Paulo,S칚o Paulo
22/11/2023,Analista Excel칡ncia Comercial Junior,Grupo Tigre,Hi패brido,https://tigre.gupy.io/job/eyJqb2JJZCI6NjAyNjgxOSwic291cmNlIjoiZ3VweV9wb3J0YWwifQ==?jobBoardSource=gupy_portal,Joinville,Santa Catarina
22/11/2023,ANALISTA DE SEGURAN칂A DA INFORMA칂츾O JR,Escola Bahiana de Medicina e Sa칰de P칰blica,Hi패brido,https://escolabahiana.gupy.io/job/eyJqb2JJZCI6NTk2NTE5NSwic291cmNlIjoiZ3VweV9wb3J0YWwifQ==?jobBoardSource=gupy_portal,Salvador,Bahia
22/11/2023,Analista Revenue Management Junior,Grupo Tigre,Hi패brido,https://tigre.gupy.io/job/eyJqb2JJZCI6NjAyNjY1NCwic291cmNlIjoiZ3VweV9wb3J0YWwifQ==?jobBoardSource=gupy_portal,Joinville,Santa Catarina
22/11/2023,Analista de Pricing II,Farmax,Hi패brido,https://farmax.gupy.io/job/eyJqb2JJZCI6NjAyNjQxNCwic291cmNlIjoiZ3VweV9wb3J0YWwifQ==?jobBoardSource=gupy_portal,Divin칩polis,Minas Gerais
22/11/2023,PESSOA ANALISTA DE CAPTACAO J칔NIOR,YDUQS,Hi패brido,https://yduqs.gupy.io/job/eyJqb2JJZCI6NTcwMjY1Miwic291cmNlIjoiZ3VweV9wb3J0YWwifQ==?jobBoardSource=gupy_portal,Rio de Janeiro,Rio de Janeiro
22/11/2023,"Analista de Preven칞칚o a Fraudes, Lavagem de Dinheiro e Financiamento ao Terrorismo",Quod,Hi패brido,https://vempraquod.gupy.io/job/eyJqb2JJZCI6NTk5NTU1Mywic291cmNlIjoiZ3VweV9wb3J0YWwifQ==?jobBoardSource=gupy_portal,Barueri,S칚o Paulo
22/11/2023,Analista de Processos e Gest칚o II (Intelig칡ncia Operacional),GOL Linhas A칠reas,Hi패brido,https://golcarreiras.gupy.io/job/eyJqb2JJZCI6NjAyNDkzMSwic291cmNlIjoiZ3VweV9wb3J0YWwifQ==?jobBoardSource=gupy_portal,S칚o Paulo,S칚o Paulo
22/11/2023,ANALISTA CONTABIL JR,Centro de Excel칡ncia Votorantim,Hi패brido,https://votorantimcoe.gupy.io/job/eyJqb2JJZCI6NjAyNDY4NSwic291cmNlIjoiZ3VweV9wb3J0YWwifQ==?jobBoardSource=gupy_portal,Curitiba,Paran치
22/11/2023,Analista de Custos,Confidencial,Hi패brido,https://cf.gupy.io/job/eyJqb2JJZCI6NjAyNDQ4MSwic291cmNlIjoiZ3VweV9wb3J0YWwifQ==?jobBoardSource=gupy_portal,S칚o Paulo,S칚o Paulo
22/11/2023,Analista de CRM Jr,KOVI 仇벒잺,Hi패brido,https://kovi.gupy.io/job/eyJqb2JJZCI6NTg3OTU2OCwic291cmNlIjoiZ3VweV9wb3J0YWwifQ==?jobBoardSource=gupy_portal,S칚o Paulo,S칚o Paulo
22/11/2023,Analista Administrativo Comercial JR,Teletex IT Solutions,Hi패brido,https://teletex.gupy.io/job/eyJqb2JJZCI6NjAyMzQyOCwic291cmNlIjoiZ3VweV9wb3J0YWwifQ==?jobBoardSource=gupy_portal,Curitiba,Paran치
22/11/2023,Analista de Comercial - Gest칚o de produtos de loja,Grupo N칩s,Hi패brido,https://gruponos.gupy.io/job/eyJqb2JJZCI6NTkxMjc1MCwic291cmNlIjoiZ3VweV9wb3J0YWwifQ==?jobBoardSource=gupy_portal,S칚o Paulo,S칚o Paulo
22/11/2023,Analista  Qualidade Jr ,TIS | Telef칪nica Infraestrutura e Seguran칞a ,Hi패brido,https://tis.gupy.io/job/eyJqb2JJZCI6NjAyMzUxNywic291cmNlIjoiZ3VweV9wb3J0YWwifQ==?jobBoardSource=gupy_portal,S칚o Paulo,S칚o Paulo
22/11/2023,Analista de ESG J칰nior - S칚o Paulo,Voke,Hi패brido,https://voke.gupy.io/job/eyJqb2JJZCI6NjAyMzA5OSwic291cmNlIjoiZ3VweV9wb3J0YWwifQ==?jobBoardSource=gupy_portal,S칚o Paulo,S칚o Paulo
22/11/2023,Pessoa Analista de M칤dia ,AlmapBBDO,Hi패brido,https://almapbbdo.gupy.io/job/eyJqb2JJZCI6NTkxMzI5Nywic291cmNlIjoiZ3VweV9wb3J0YWwifQ==?jobBoardSource=gupy_portal,S칚o Paulo,S칚o Paulo
22/11/2023,5939125 - ANALISTA DE PROCESSOS J칔NIOR -  L칈DER VD -  L칈DER NEG칍CIOS,Quality Digital,Hi패brido,https://qualitydigital.gupy.io/job/eyJqb2JJZCI6NTkzOTEyNSwic291cmNlIjoiZ3VweV9wb3J0YWwifQ==?jobBoardSource=gupy_portal,Pinhais,Paran치
22/11/2023,Analista de Marketing III - Still,Solar Coca-Cola,Hi패brido,https://solarcocacola.gupy.io/job/eyJqb2JJZCI6NjAyODc5OSwic291cmNlIjoiZ3VweV9wb3J0YWwifQ==?jobBoardSource=gupy_portal,Fortaleza,Cear치
22/11/2023,Analista de Infraestrutura,Itix,Hi패brido,https://sejaitix.gupy.io/job/eyJqb2JJZCI6NjAyODY3MSwic291cmNlIjoiZ3VweV9wb3J0YWwifQ==?jobBoardSource=gupy_portal,Vila Velha,Esp칤rito Santo
22/11/2023,CVLB | ANALISTA DE DEPARTAMENTO PESSOAL JR,GRUPO CVLB,Hi패brido,https://grupocvlb.gupy.io/job/eyJqb2JJZCI6NTk5NDMzOCwic291cmNlIjoiZ3VweV9wb3J0YWwifQ==?jobBoardSource=gupy_portal,Rio de Janeiro,Rio de Janeiro
22/11/2023,Analista de Neg칩cios JR | Investimentos ,Sinqia,Hi패brido,https://sinqia.gupy.io/job/eyJqb2JJZCI6NTg4MDk3NCwic291cmNlIjoiZ3VweV9wb3J0YWwifQ==?jobBoardSource=gupy_portal,S칚o Paulo,S칚o Paulo
22/11/2023,Analista de Marketing J칰nior,GPA,Hi패brido,https://corporacaogpa.gupy.io/job/eyJqb2JJZCI6NTkzNzUyOSwic291cmNlIjoiZ3VweV9wb3J0YWwifQ==?jobBoardSource=gupy_portal,S칚o Paulo,S칚o Paulo
22/11/2023,ANALISTA CONTROLADORIA JR,Centro de Excel칡ncia Votorantim,Hi패brido,https://votorantimcoe.gupy.io/job/eyJqb2JJZCI6NTg4MTI0Miwic291cmNlIjoiZ3VweV9wb3J0YWwifQ==?jobBoardSource=gupy_portal,Curitiba,Paran치
22/11/2023,Analista de Sucesso do Cliente JR,CONEXA,Hi패brido,https://conexasaude.gupy.io/job/eyJqb2JJZCI6NTg1NDIxNCwic291cmNlIjoiZ3VweV9wb3J0YWwifQ==?jobBoardSource=gupy_portal,S칚o Paulo,S칚o Paulo
22/11/2023,Analista de Gest칚o de Fornecedores Administrativos I,Lojas Renner,Hi패brido,https://renner.gupy.io/job/eyJqb2JJZCI6NjAyODE0NCwic291cmNlIjoiZ3VweV9wb3J0YWwifQ==?jobBoardSource=gupy_portal,Porto Alegre,Rio Grande do Sul
22/11/2023,Analista Log칤stica Pe칞as JR,Honda,Hi패brido,https://honda.gupy.io/job/eyJqb2JJZCI6NjAyNDQ1Miwic291cmNlIjoiZ3VweV9wb3J0YWwifQ==?jobBoardSource=gupy_portal,Jaboat칚o dos Guararapes,Pernambuco
22/11/2023,Analista de Suporte para Folha de Pagamento Junior ,Techware Systems,Hi패brido,https://techware.gupy.io/job/eyJqb2JJZCI6NjAyNzc5Miwic291cmNlIjoiZ3VweV9wb3J0YWwifQ==?jobBoardSource=gupy_portal,S칚o Paulo,S칚o Paulo
22/11/2023,Analista de Infraestrutura J칰nior,Riachuelo ,Hi패brido,https://riachuelo.gupy.io/job/eyJqb2JJZCI6NjAyNzQ2OSwic291cmNlIjoiZ3VweV9wb3J0YWwifQ==?jobBoardSource=gupy_portal,S칚o Paulo,S칚o Paulo
22/11/2023,AMBIPAR RESPONSE ES - Analista de Geoprocessamento - H칤brido,Ambipar Response ES S/A,Hi패brido,https://ambipar.gupy.io/job/eyJqb2JJZCI6NjAyMzk1Nywic291cmNlIjoiZ3VweV9wb3J0YWwifQ==?jobBoardSource=gupy_portal,Rio de Janeiro,Rio de Janeiro
22/11/2023,Analista de vendas JR (Inside Sales),CONEXA,Hi패brido,https://conexasaude.gupy.io/job/eyJqb2JJZCI6NTkwODM2MSwic291cmNlIjoiZ3VweV9wb3J0YWwifQ==?jobBoardSource=gupy_portal,Belo Horizonte,Minas Gerais
22/11/2023,Especialista em Banco de Dados - DBA ,Quod,Hi패brido,https://vempraquod.gupy.io/job/eyJqb2JJZCI6NTk4MjMyNiwic291cmNlIjoiZ3VweV9wb3J0YWwifQ==?jobBoardSource=gupy_portal,Barueri,S칚o Paulo
22/11/2023,Analista de Cr칠dito,Gees S/A,Presencial,https://geessa.gupy.io/job/eyJqb2JJZCI6NjAxNDU3Miwic291cmNlIjoiZ3VweV9wb3J0YWwifQ==?jobBoardSource=gupy_portal,Balsas,Maranh칚o
22/11/2023,ANALISTA DE REDES N1,Alloha Fibra,Presencial,https://allohafibra.gupy.io/job/eyJqb2JJZCI6NTkzOTM3NSwic291cmNlIjoiZ3VweV9wb3J0YWwifQ==?jobBoardSource=gupy_portal,Fortaleza,Cear치
22/11/2023,Analista de FP&A J칰nior,Indigo,Presencial,https://jobsindigo.gupy.io/job/eyJqb2JJZCI6NjAxNTg5Niwic291cmNlIjoiZ3VweV9wb3J0YWwifQ==?jobBoardSource=gupy_portal,S칚o Paulo,S칚o Paulo
22/11/2023,14212-Analista Field Service,GLOBAL HITSS,Presencial,https://globalhitss.gupy.io/job/eyJqb2JJZCI6NTk5Nzc1OSwic291cmNlIjoiZ3VweV9wb3J0YWwifQ==?jobBoardSource=gupy_portal,Jo칚o Pessoa,Para칤ba
22/11/2023,Analista de Log칤stica ,SERHUM RH,Presencial,https://serhum.gupy.io/job/eyJqb2JJZCI6NjAyMjY1Miwic291cmNlIjoiZ3VweV9wb3J0YWwifQ==?jobBoardSource=gupy_portal,S칚o Lu칤s,Maranh칚o
22/11/2023,Analista de Frota,BYD Brasil,Presencial,https://bydbrasil.gupy.io/job/eyJqb2JJZCI6NjAwNzE3MCwic291cmNlIjoiZ3VweV9wb3J0YWwifQ==?jobBoardSource=gupy_portal,Cama칞ari,Bahia
22/11/2023,Analista Ambiental,BYD Brasil,Presencial,https://bydbrasil.gupy.io/job/eyJqb2JJZCI6NjAwODE3MCwic291cmNlIjoiZ3VweV9wb3J0YWwifQ==?jobBoardSource=gupy_portal,Cama칞ari,Bahia
22/11/2023,Analista Administrativo - Financeiro,Grupo Koch,Presencial,https://grupokoch.gupy.io/job/eyJqb2JJZCI6NjAyMjczMCwic291cmNlIjoiZ3VweV9wb3J0YWwifQ==?jobBoardSource=gupy_portal,Itapema,Santa Catarina
22/11/2023,Analista Infraestrutura TI,BYD Brasil,Presencial,https://bydbrasil.gupy.io/job/eyJqb2JJZCI6NjAwNzc3NSwic291cmNlIjoiZ3VweV9wb3J0YWwifQ==?jobBoardSource=gupy_portal,Cama칞ari,Bahia
22/11/2023,ANALISTA DE CR칄DITO JUNIOR,EZTEC Carreiras,Presencial,https://eztec.gupy.io/job/eyJqb2JJZCI6NjAyNzQ2Miwic291cmNlIjoiZ3VweV9wb3J0YWwifQ==?jobBoardSource=gupy_portal,S칚o Paulo,S칚o Paulo
22/11/2023,Analista de RH- Jo칚o Pessoa/Valentina,Grupo Mateus,Presencial,https://grupomateus.gupy.io/job/eyJqb2JJZCI6NjAyNzE0NSwic291cmNlIjoiZ3VweV9wb3J0YWwifQ==?jobBoardSource=gupy_portal,Jo칚o Pessoa,Para칤ba
22/11/2023,Analista de Log칤stica Jr.,Cibra,Presencial,https://cibra.gupy.io/job/eyJqb2JJZCI6NjAyNzM4MCwic291cmNlIjoiZ3VweV9wb3J0YWwifQ==?jobBoardSource=gupy_portal,S칚o Lu칤s,Maranh칚o
22/11/2023,ANALISTA ADMINISTRATIVO JR,Stefanini Group,Presencial,https://stefanini.gupy.io/job/eyJqb2JJZCI6NjAyMjM4MCwic291cmNlIjoiZ3VweV9wb3J0YWwifQ==?jobBoardSource=gupy_portal,Rio de Janeiro,Rio de Janeiro
22/11/2023,Analista de Vendas - Instaviagem  ,BeFly,Presencial,https://befly.gupy.io/job/eyJqb2JJZCI6NjAyNzE4NCwic291cmNlIjoiZ3VweV9wb3J0YWwifQ==?jobBoardSource=gupy_portal,S칚o Paulo,S칚o Paulo
22/11/2023,Analista de Marketing para Institui칞칚o Financeira - Porto Alegre e Regi칚o/RS,Vaga Confidencial,Presencial,https://confidencial09876.gupy.io/job/eyJqb2JJZCI6NjAwNjU5MSwic291cmNlIjoiZ3VweV9wb3J0YWwifQ==?jobBoardSource=gupy_portal,Porto Alegre,Rio Grande do Sul
22/11/2023,AMBIPAR RESPONSE ES - Analista Ambiental - Oceanografia,Ambipar Response ES S/A,Presencial,https://ambipar.gupy.io/job/eyJqb2JJZCI6NjAxMjYwMSwic291cmNlIjoiZ3VweV9wb3J0YWwifQ==?jobBoardSource=gupy_portal,Vit칩ria,Esp칤rito Santo
22/11/2023,AMBIPAR RESPONSE ES  - Analista Ambiental - Offshore,Ambipar Response ES S/A,Presencial,https://ambipar.gupy.io/job/eyJqb2JJZCI6NjAwODk0MCwic291cmNlIjoiZ3VweV9wb3J0YWwifQ==?jobBoardSource=gupy_portal,Rio de Janeiro,Rio de Janeiro
22/11/2023,Analista de Projetos,Aliare,Presencial,https://aliare.gupy.io/job/eyJqb2JJZCI6NjAxMTcwMiwic291cmNlIjoiZ3VweV9wb3J0YWwifQ==?jobBoardSource=gupy_portal,Goi칙nia,Goi치s
22/11/2023,Analista Cont치bil ,Confidencial,Presencial,https://paginaprivada.gupy.io/job/eyJqb2JJZCI6NjAyNjc4Niwic291cmNlIjoiZ3VweV9wb3J0YWwifQ==?jobBoardSource=gupy_portal,Bras칤lia,Distrito Federal
22/11/2023,AMBIPAR RESPONSE CONTROL - Analista Ambiental - Porto do A칞u,Ambipar Response ES S/A,Presencial,https://ambipar.gupy.io/job/eyJqb2JJZCI6NTk5ODIzMiwic291cmNlIjoiZ3VweV9wb3J0YWwifQ==?jobBoardSource=gupy_portal,S칚o Jo칚o da Barra,Rio de Janeiro
22/11/2023,PESSOA ANALISTA DE SUPORTE - DISTRITO FEDERAL,NAVA | Technology for Business,Presencial,https://nava.gupy.io/job/eyJqb2JJZCI6NjAyNjk1MCwic291cmNlIjoiZ3VweV9wb3J0YWwifQ==?jobBoardSource=gupy_portal,Barueri,S칚o Paulo
22/11/2023,Analista Comercial - Presencial  ,Somos a Tray,Presencial,https://tray.gupy.io/job/eyJqb2JJZCI6NjAyNjkxMCwic291cmNlIjoiZ3VweV9wb3J0YWwifQ==?jobBoardSource=gupy_portal,Mar칤lia,S칚o Paulo
22/11/2023,Analista de Neg칩cios - Goi칙nia GO,Sicoob UniCentro Br ,Presencial,https://sicoobunicentrobr.gupy.io/job/eyJqb2JJZCI6NjAyNjkyMCwic291cmNlIjoiZ3VweV9wb3J0YWwifQ==?jobBoardSource=gupy_portal,Goi칙nia,Goi치s
22/11/2023,ANALISTA  ADMINISTRATIVO DE LOJA - FENDT ,Grupo Vamos,Presencial,https://vamos.gupy.io/job/eyJqb2JJZCI6NjAyNjU0OCwic291cmNlIjoiZ3VweV9wb3J0YWwifQ==?jobBoardSource=gupy_portal,Nova Mutum,Mato Grosso
22/11/2023,ANALISTA DE DEPARTAMENTO PESSOAL l - BAURU,Paschoalotto,Presencial,https://paschoalotto.gupy.io/job/eyJqb2JJZCI6NjAyNjU2NCwic291cmNlIjoiZ3VweV9wb3J0YWwifQ==?jobBoardSource=gupy_portal,Bauru,S칚o Paulo
22/11/2023,ANALISTA LABORATORIO JR - 346221,P치gina de Carreira,Presencial,https://hapvidandi.gupy.io/job/eyJqb2JJZCI6NjAyNjM2Nywic291cmNlIjoiZ3VweV9wb3J0YWwifQ==?jobBoardSource=gupy_portal,Cajuru,S칚o Paulo
22/11/2023,Analista de Comunica칞칚o e Marketing - Col칠gio Sagrado Cora칞칚o de Maria,Rede Verbita de Educa칞칚o,Presencial,https://redeverbita.gupy.io/job/eyJqb2JJZCI6NjAyNjMwMywic291cmNlIjoiZ3VweV9wb3J0YWwifQ==?jobBoardSource=gupy_portal,Par치 de Minas,Minas Gerais
22/11/2023,ANALISTA ADMINISTRATIVO - ESCALAS M칄DICAS  (TEMPOR츼RIA),SPDM/PAIS,Presencial,https://spdmpais.gupy.io/job/eyJqb2JJZCI6NjAyNjM0Mywic291cmNlIjoiZ3VweV9wb3J0YWwifQ==?jobBoardSource=gupy_portal,S칚o Paulo,S칚o Paulo
22/11/2023,ANALISTA ADMINISTRATIVO JUNIOR (COMPRAS),Marista Brasil,Presencial,https://maristabrasil.gupy.io/job/eyJqb2JJZCI6NjAyNjE1MCwic291cmNlIjoiZ3VweV9wb3J0YWwifQ==?jobBoardSource=gupy_portal,Goi칙nia,Goi치s
22/11/2023,J&F Minera칞칚o - Analista de Com칠rcio Exterior J칰nior (Corumb치/MS),J&F Minera칞칚o,Presencial,https://jfmineracao.gupy.io/job/eyJqb2JJZCI6NjAxNzM4Niwic291cmNlIjoiZ3VweV9wb3J0YWwifQ==?jobBoardSource=gupy_portal,Corumb치,Mato Grosso do Sul
22/11/2023,Analista de Qualidade ,Confidencial,Presencial,https://confidentialpg.gupy.io/job/eyJqb2JJZCI6NjAyNTkwMiwic291cmNlIjoiZ3VweV9wb3J0YWwifQ==?jobBoardSource=gupy_portal,S칚o Paulo,S칚o Paulo
22/11/2023,Analista de Pesquisa e Desenvolvimento - PD&I,IBASA,Presencial,https://ibasa.gupy.io/job/eyJqb2JJZCI6NjAyNTc5NSwic291cmNlIjoiZ3VweV9wb3J0YWwifQ==?jobBoardSource=gupy_portal,Porto Alegre,Rio Grande do Sul
22/11/2023,Analista de regula칞칚o jr - oficinas externas,KOVI 仇벒잺,Presencial,https://kovi.gupy.io/job/eyJqb2JJZCI6NTkwNzg4NCwic291cmNlIjoiZ3VweV9wb3J0YWwifQ==?jobBoardSource=gupy_portal,S칚o Paulo,S칚o Paulo
22/11/2023,Analista Cont치bil J칰nior,Privalia,Presencial,https://privalia.gupy.io/job/eyJqb2JJZCI6NTk5NjcxMSwic291cmNlIjoiZ3VweV9wb3J0YWwifQ==?jobBoardSource=gupy_portal,S칚o Paulo,S칚o Paulo
22/11/2023,Analista de Log칤stica Jr,Vem ser Puravida,Presencial,https://puravida.gupy.io/job/eyJqb2JJZCI6NjAyNTU5Niwic291cmNlIjoiZ3VweV9wb3J0YWwifQ==?jobBoardSource=gupy_portal,Jandira,S칚o Paulo
22/11/2023,ANALISTA ATENDIMENTO JR,P치gina de Carreira,Presencial,https://hapvidandi.gupy.io/job/eyJqb2JJZCI6NTc1MTQwNSwic291cmNlIjoiZ3VweV9wb3J0YWwifQ==?jobBoardSource=gupy_portal,S칚o Paulo,S칚o Paulo
22/11/2023,Analista de Opme -SP,Grupo Vertical,Presencial,https://grupovertical.gupy.io/job/eyJqb2JJZCI6NjAyNTI3NSwic291cmNlIjoiZ3VweV9wb3J0YWwifQ==?jobBoardSource=gupy_portal,S칚o Paulo,S칚o Paulo
22/11/2023,ANALISTA ADMINISTRATIVO JUNIOR ,Lojas Torra,Presencial,https://lojastorra.gupy.io/job/eyJqb2JJZCI6NjAyNTQxMiwic291cmNlIjoiZ3VweV9wb3J0YWwifQ==?jobBoardSource=gupy_portal,S칚o Paulo,S칚o Paulo
22/11/2023,Pessoa Analista Projetista de Saneamento (Redes de 치gua e esgoto),Cury Construtora,Presencial,https://cury.gupy.io/job/eyJqb2JJZCI6NTk5NzA5Nywic291cmNlIjoiZ3VweV9wb3J0YWwifQ==?jobBoardSource=gupy_portal,S칚o Paulo,S칚o Paulo
22/11/2023,[MINEIRAO] Analista de Eventos - Eventos corporativos e Patroc칤nios,MINAS ARENA,Presencial,https://talentosmineirao.gupy.io/job/eyJqb2JJZCI6NjAyNDk4MCwic291cmNlIjoiZ3VweV9wb3J0YWwifQ==?jobBoardSource=gupy_portal,Belo Horizonte,Minas Gerais
22/11/2023,Analista de Departamento Pessoal,RB Servi칞os,Presencial,https://talentosrb.gupy.io/job/eyJqb2JJZCI6NjAyNDc1Mywic291cmNlIjoiZ3VweV9wb3J0YWwifQ==?jobBoardSource=gupy_portal,Guarulhos,S칚o Paulo
22/11/2023,Analista de Contas a Pagar ,Grupo Solutta,Presencial,https://gruposolutta.gupy.io/job/eyJqb2JJZCI6NjAyNDc0MCwic291cmNlIjoiZ3VweV9wb3J0YWwifQ==?jobBoardSource=gupy_portal,S칚o Paulo,S칚o Paulo
22/11/2023,Analista de Opera칞칚o I | Movimenta칞칚o Cadastral - Sa칰de e Odonto | Zona Sul/SP,- D'Or Consultoria ,Presencial,https://dorconsultoria.gupy.io/job/eyJqb2JJZCI6NjAyNDU3Mywic291cmNlIjoiZ3VweV9wb3J0YWwifQ==?jobBoardSource=gupy_portal,S칚o Paulo,S칚o Paulo
22/11/2023,Analista Suporte Comercial,Porto,Presencial,https://porto.gupy.io/job/eyJqb2JJZCI6NjAwMzgwNCwic291cmNlIjoiZ3VweV9wb3J0YWwifQ==?jobBoardSource=gupy_portal,Belo Horizonte,Minas Gerais
22/11/2023,Analista de Suporte de Sistemas Jr ( Infraestrutura),Unimed Ferj,Presencial,https://unimed-federacaorio.gupy.io/job/eyJqb2JJZCI6NjAyNDM2OSwic291cmNlIjoiZ3VweV9wb3J0YWwifQ==?jobBoardSource=gupy_portal,Rio de Janeiro,Rio de Janeiro
22/11/2023,Analista Financeiro - JR,SiDi,Presencial,https://sidi.gupy.io/job/eyJqb2JJZCI6NjAyMjcwNywic291cmNlIjoiZ3VweV9wb3J0YWwifQ==?jobBoardSource=gupy_portal,Campinas,S칚o Paulo
22/11/2023,Analista de Suporte t칠cnico - Field Services (PRESENCIAL),Relevo,Presencial,https://relevo.gupy.io/job/eyJqb2JJZCI6NjAxMDczMCwic291cmNlIjoiZ3VweV9wb3J0YWwifQ==?jobBoardSource=gupy_portal,Londrina,Paran치
22/11/2023,ANALISTA DE NEG칍CIOS,CVC Corp,Presencial,https://cvccorp.gupy.io/job/eyJqb2JJZCI6NTkxNTAxMSwic291cmNlIjoiZ3VweV9wb3J0YWwifQ==?jobBoardSource=gupy_portal,Santo Andr칠,S칚o Paulo
22/11/2023,Analista de P&D Anal칤tico Jr,Vem para Cellera 游눝,Presencial,https://cellerafarma.gupy.io/job/eyJqb2JJZCI6NjAyNDEzMywic291cmNlIjoiZ3VweV9wb3J0YWwifQ==?jobBoardSource=gupy_portal,Indaiatuba,S칚o Paulo
22/11/2023,Analista de Infraestrutura ,Log Lab,Presencial,https://loglabdigital.gupy.io/job/eyJqb2JJZCI6NjAyNDExNSwic291cmNlIjoiZ3VweV9wb3J0YWwifQ==?jobBoardSource=gupy_portal,Cuiab치,Mato Grosso
22/11/2023,Analista de Controladoria,https://juparana.com.br/,Presencial,https://juparana.gupy.io/job/eyJqb2JJZCI6NjAyNDEzMSwic291cmNlIjoiZ3VweV9wb3J0YWwifQ==?jobBoardSource=gupy_portal,Paragominas,Par치
22/11/2023,Analista de Processos,Autoglass Administrativo,Presencial,https://autoglassadministrativo.gupy.io/job/eyJqb2JJZCI6NTk2ODYyOSwic291cmNlIjoiZ3VweV9wb3J0YWwifQ==?jobBoardSource=gupy_portal,Vila Velha,Esp칤rito Santo
22/11/2023,Analista de Redes,Osirnet,Presencial,https://osirnet.gupy.io/job/eyJqb2JJZCI6NjAyNDAxNSwic291cmNlIjoiZ3VweV9wb3J0YWwifQ==?jobBoardSource=gupy_portal,Pelotas,Rio Grande do Sul
22/11/2023,Analista de Suporte,Stefanini Group,Presencial,https://stefanini.gupy.io/job/eyJqb2JJZCI6NjAyMzk5Miwic291cmNlIjoiZ3VweV9wb3J0YWwifQ==?jobBoardSource=gupy_portal,Fortaleza,Cear치
22/11/2023,Analista Financeiro Junior,Stefanini Group,Presencial,https://stefanini.gupy.io/job/eyJqb2JJZCI6NjAyMzg3Niwic291cmNlIjoiZ3VweV9wb3J0YWwifQ==?jobBoardSource=gupy_portal,S칚o Paulo,S칚o Paulo
22/11/2023,Analista de Pesquisa e Desenvolvimento JR,Cacau Show,Presencial,https://cacaushow.gupy.io/job/eyJqb2JJZCI6NjAyMzk4Niwic291cmNlIjoiZ3VweV9wb3J0YWwifQ==?jobBoardSource=gupy_portal,Itapevi,S칚o Paulo
22/11/2023,Analista de Faturamento e Recebimento J칰nior,MCassab Institucional,Presencial,https://mcassab.gupy.io/job/eyJqb2JJZCI6NjAyMzUxNSwic291cmNlIjoiZ3VweV9wb3J0YWwifQ==?jobBoardSource=gupy_portal,Jarinu,S칚o Paulo
22/11/2023,Analista de Logistica Junior,Scala Data Centers,Presencial,https://scaladatacenters.gupy.io/job/eyJqb2JJZCI6NTc1NzYyMSwic291cmNlIjoiZ3VweV9wb3J0YWwifQ==?jobBoardSource=gupy_portal,Barueri,S칚o Paulo
22/11/2023,Analista Comercial - E-commerce ,Schumann,Presencial,https://schumann.gupy.io/job/eyJqb2JJZCI6NjAyMzcxNSwic291cmNlIjoiZ3VweV9wb3J0YWwifQ==?jobBoardSource=gupy_portal,Chapec칩,Santa Catarina
22/11/2023,Analista de Compras - suporte 맙 lojas,Schumann,Presencial,https://schumann.gupy.io/job/eyJqb2JJZCI6NjAyMzY5Mywic291cmNlIjoiZ3VweV9wb3J0YWwifQ==?jobBoardSource=gupy_portal,Chapec칩,Santa Catarina
22/11/2023,ANALISTA DE SUPORTE TECNICO JR,Seja Globalweb,Presencial,https://sejaglobalweb.gupy.io/job/eyJqb2JJZCI6NTk4MzA0MCwic291cmNlIjoiZ3VweV9wb3J0YWwifQ==?jobBoardSource=gupy_portal,S칚o Paulo,S칚o Paulo
22/11/2023, ANALISTA DE INFRAESTRUTURA WINDOWS,Seja Globalweb,Presencial,https://sejaglobalweb.gupy.io/job/eyJqb2JJZCI6NTYxMTc0Miwic291cmNlIjoiZ3VweV9wb3J0YWwifQ==?jobBoardSource=gupy_portal,S칚o Paulo,S칚o Paulo
22/11/2023,Analista Administrativo - Piracicaba,Terraverde Agro,Presencial,https://terraverde.gupy.io/job/eyJqb2JJZCI6NjAyMzI5Miwic291cmNlIjoiZ3VweV9wb3J0YWwifQ==?jobBoardSource=gupy_portal,Piracicaba,S칚o Paulo
22/11/2023,츼guas do Sert칚o - Analista de Engenharia,츼guas do Sert칚o: nosso compromisso 칠 transformar o futuro!,Presencial,https://aguasdosertao.gupy.io/job/eyJqb2JJZCI6NjAxNTA0Miwic291cmNlIjoiZ3VweV9wb3J0YWwifQ==?jobBoardSource=gupy_portal,Penedo,Alagoas
22/11/2023,Analista de Infraestrutura ,3tentos - Vagas ,Presencial,https://3tentos.gupy.io/job/eyJqb2JJZCI6NjAwMjM0Miwic291cmNlIjoiZ3VweV9wb3J0YWwifQ==?jobBoardSource=gupy_portal,Iju칤,Rio Grande do Sul
22/11/2023,Analista de Marketing Digital ,ALLOS,Presencial,https://carreirasallos.gupy.io/job/eyJqb2JJZCI6NjAyMjcwNiwic291cmNlIjoiZ3VweV9wb3J0YWwifQ==?jobBoardSource=gupy_portal,Bel칠m,Par치
22/11/2023,Analista de Recursos Humanos,BYD Brasil,Presencial,https://bydbrasil.gupy.io/job/eyJqb2JJZCI6NjAwNzM1NCwic291cmNlIjoiZ3VweV9wb3J0YWwifQ==?jobBoardSource=gupy_portal,Cama칞ari,Bahia
22/11/2023,Analista de Departamento Pessoal,Alianzo,Presencial,https://carreiraalianzo.gupy.io/job/eyJqb2JJZCI6NjAyMzEwOSwic291cmNlIjoiZ3VweV9wb3J0YWwifQ==?jobBoardSource=gupy_portal,Goi칙nia,Goi치s
22/11/2023,Analista de Trade Marketing,Cory Ind칰stria de Produtos Aliment칤cios,Presencial,https://cory.gupy.io/job/eyJqb2JJZCI6NjAyMjc5NCwic291cmNlIjoiZ3VweV9wb3J0YWwifQ==?jobBoardSource=gupy_portal,Ribeir칚o Preto,S칚o Paulo
22/11/2023,Analista de Rela칞칫es Trabalhistas,BYD Brasil,Presencial,https://bydbrasil.gupy.io/job/eyJqb2JJZCI6NjAwNzQxNCwic291cmNlIjoiZ3VweV9wb3J0YWwifQ==?jobBoardSource=gupy_portal,Cama칞ari,Bahia
22/11/2023,Analista de Controladoria - SALVADOR/BA,Larco Petroleo,Presencial,https://larcopetroleo.gupy.io/job/eyJqb2JJZCI6NjAyMjY2NSwic291cmNlIjoiZ3VweV9wb3J0YWwifQ==?jobBoardSource=gupy_portal,Salvador,Bahia
22/11/2023,Analista Administra칞칚o de Neg칩cios - Piracicaba,Terraverde Agro,Presencial,https://terraverde.gupy.io/job/eyJqb2JJZCI6NjAyMjg5OSwic291cmNlIjoiZ3VweV9wb3J0YWwifQ==?jobBoardSource=gupy_portal,Piracicaba,S칚o Paulo
22/11/2023,Analista de Sistemas,3tentos - Vagas ,Presencial,https://3tentos.gupy.io/job/eyJqb2JJZCI6NTk5NDEwNCwic291cmNlIjoiZ3VweV9wb3J0YWwifQ==?jobBoardSource=gupy_portal,Iju칤,Rio Grande do Sul
22/11/2023,Analista de Recursos Humanos,Supergasbras,Presencial,https://supergasbras.gupy.io/job/eyJqb2JJZCI6NjAyMjgyNiwic291cmNlIjoiZ3VweV9wb3J0YWwifQ==?jobBoardSource=gupy_portal,Campo Grande,Mato Grosso do Sul
22/11/2023,Analista de Mobilidade Global,BYD Brasil,Presencial,https://bydbrasil.gupy.io/job/eyJqb2JJZCI6NjAwNzI5NSwic291cmNlIjoiZ3VweV9wb3J0YWwifQ==?jobBoardSource=gupy_portal,Cama칞ari,Bahia
22/11/2023,Analista Cont치bil JR.,Winover,Presencial,https://vemserwinover.gupy.io/job/eyJqb2JJZCI6NjAyMjExMiwic291cmNlIjoiZ3VweV9wb3J0YWwifQ==?jobBoardSource=gupy_portal,Mogi das Cruzes,S칚o Paulo
22/11/2023,Analista de Sourcing,BYD Brasil,Presencial,https://bydbrasil.gupy.io/job/eyJqb2JJZCI6NjAwODMwOCwic291cmNlIjoiZ3VweV9wb3J0YWwifQ==?jobBoardSource=gupy_portal,Cama칞ari,Bahia
22/11/2023,Analista de Transporte Jr (G치s) - Mau치,IC Transportes,Presencial,https://ictransportes.gupy.io/job/eyJqb2JJZCI6NjAyMjgxMywic291cmNlIjoiZ3VweV9wb3J0YWwifQ==?jobBoardSource=gupy_portal,Mau치,S칚o Paulo
22/11/2023,Analista de Importa칞칚o - Matriz Blumenau/SC,Grupo Hennings,Presencial,https://grupohennings.gupy.io/job/eyJqb2JJZCI6NjAyMjg4MSwic291cmNlIjoiZ3VweV9wb3J0YWwifQ==?jobBoardSource=gupy_portal,Blumenau,Santa Catarina
22/11/2023,Analista de Opera칞칫es J칰nior,ALLOS,Presencial,https://carreirasallos.gupy.io/job/eyJqb2JJZCI6NjAyMjcyOSwic291cmNlIjoiZ3VweV9wb3J0YWwifQ==?jobBoardSource=gupy_portal,Tabo칚o da Serra,S칚o Paulo
22/11/2023,Estagi치rio (a) de Dados,Carreiras Hospital Care,Presencial,https://hospitalcare.gupy.io/job/eyJqb2JJZCI6NTk3MTk5MCwic291cmNlIjoiZ3VweV9wb3J0YWwifQ==?jobBoardSource=gupy_portal,Campinas,S칚o Paulo
22/11/2023,ANALISTA ADMINISTRATIVO J칔NIOR - REGI츾O CAMPINAS,3cora칞칫es,Presencial,https://3coracoes.gupy.io/job/eyJqb2JJZCI6NjAxOTM3NCwic291cmNlIjoiZ3VweV9wb3J0YWwifQ==?jobBoardSource=gupy_portal,Sumar칠,S칚o Paulo
22/11/2023,Analista de RH I Ananindeua,Grupo EBD,Presencial,https://ebdgrupo.gupy.io/job/eyJqb2JJZCI6NjAxNjA5Niwic291cmNlIjoiZ3VweV9wb3J0YWwifQ==?jobBoardSource=gupy_portal,Ananindeua,Par치
22/11/2023,ANALISTA DE CONTROLADORIA,GRUPO REAL,Presencial,https://talentoreal.gupy.io/job/eyJqb2JJZCI6NjAyOTM1NSwic291cmNlIjoiZ3VweV9wb3J0YWwifQ==?jobBoardSource=gupy_portal,Goi칙nia,Goi치s
22/11/2023,Analista fiscal,Leve Sa칰de,Presencial,https://vempraleve.gupy.io/job/eyJqb2JJZCI6NjAyOTI5Nywic291cmNlIjoiZ3VweV9wb3J0YWwifQ==?jobBoardSource=gupy_portal,Rio de Janeiro,Rio de Janeiro
22/11/2023,Analista cont치bil,Leve Sa칰de,Presencial,https://vempraleve.gupy.io/job/eyJqb2JJZCI6NjAyODgzMCwic291cmNlIjoiZ3VweV9wb3J0YWwifQ==?jobBoardSource=gupy_portal,Rio de Janeiro,Rio de Janeiro
22/11/2023,Analista de Recursos Humanos - S칚o Paulo ,Grupo Muffato,Presencial,https://grupomuffatovagas.gupy.io/job/eyJqb2JJZCI6NjAyOTA5Niwic291cmNlIjoiZ3VweV9wb3J0YWwifQ==?jobBoardSource=gupy_portal,S칚o Paulo - Sp,...
22/11/2023,Analista Cont치bil,ARTTHA Gest칚o & RH,Presencial,https://arttha.gupy.io/job/eyJqb2JJZCI6NjAyODM0NSwic291cmNlIjoiZ3VweV9wb3J0YWwifQ==?jobBoardSource=gupy_portal,Salvador,Bahia
22/11/2023, Analista Administra칞칚o De Pessoal,Unifique Telecomunica칞칫es,Presencial,https://vemserunifique.gupy.io/job/eyJqb2JJZCI6NjAwNTQ5Niwic291cmNlIjoiZ3VweV9wb3J0YWwifQ==?jobBoardSource=gupy_portal,Timb칩,Santa Catarina
22/11/2023,ANALISTA CONTABIL,Geofix Engenharia,Presencial,https://geofixengenharia.gupy.io/job/eyJqb2JJZCI6NjAyODI1Niwic291cmNlIjoiZ3VweV9wb3J0YWwifQ==?jobBoardSource=gupy_portal,Itapecerica da Serra,S칚o Paulo
22/11/2023,Analista de Engenharia de V칤deo Junior,Claro,Presencial,https://claro.gupy.io/job/eyJqb2JJZCI6NjAyODgyNywic291cmNlIjoiZ3VweV9wb3J0YWwifQ==?jobBoardSource=gupy_portal,S칚o Paulo,S칚o Paulo
22/11/2023,Analista de Recursos Humanos - Campinas SP,TPC Log칤stica Inteligente,Presencial,https://tpc.gupy.io/job/eyJqb2JJZCI6NjAyODQxMywic291cmNlIjoiZ3VweV9wb3J0YWwifQ==?jobBoardSource=gupy_portal,Campinas,S칚o Paulo
22/11/2023,Analista de Marketing ,Unidades V4 Company,Presencial,https://franquiasv4.gupy.io/job/eyJqb2JJZCI6NjAyNzgyOSwic291cmNlIjoiZ3VweV9wb3J0YWwifQ==?jobBoardSource=gupy_portal,Goi칙nia,Goi치s
22/11/2023,Analista de Neg칩cios Jr.,Wittel,Presencial,https://wittel.gupy.io/job/eyJqb2JJZCI6NjAyNjcyMSwic291cmNlIjoiZ3VweV9wb3J0YWwifQ==?jobBoardSource=gupy_portal,S칚o Paulo,S칚o Paulo
22/11/2023,ANALISTA DE CONS칍RCIO,Grupo Canopus,Presencial,https://grupocanopus.gupy.io/job/eyJqb2JJZCI6NjAyODY5Mywic291cmNlIjoiZ3VweV9wb3J0YWwifQ==?jobBoardSource=gupy_portal,Bras칤lia,Distrito Federal
22/11/2023,Analista de Patrim칪nio ,Unifique Telecomunica칞칫es,Presencial,https://vemserunifique.gupy.io/job/eyJqb2JJZCI6NjAxODQ0Nywic291cmNlIjoiZ3VweV9wb3J0YWwifQ==?jobBoardSource=gupy_portal,Timb칩,Santa Catarina
22/11/2023,ANALISTA DE EVENTOS,Atlantica Hospitality International,Presencial,https://vagasahi.gupy.io/job/eyJqb2JJZCI6NjAyODI3OSwic291cmNlIjoiZ3VweV9wb3J0YWwifQ==?jobBoardSource=gupy_portal,Recife,Pernambuco
22/11/2023,ORIGINAL SP | ANALISTA DE COMPRAS,AUTOMOB,Presencial,https://automob1.gupy.io/job/eyJqb2JJZCI6NTk4MjAwNSwic291cmNlIjoiZ3VweV9wb3J0YWwifQ==?jobBoardSource=gupy_portal,Guarulhos,S칚o Paulo
22/11/2023,Analista de Experi칡ncia do Cliente,EQI Investimentos,Presencial,https://eqiinvestimentos.gupy.io/job/eyJqb2JJZCI6NjAwMjY5OCwic291cmNlIjoiZ3VweV9wb3J0YWwifQ==?jobBoardSource=gupy_portal,Itaja칤,Santa Catarina
22/11/2023,Analista de Infraestrutura S칡nio,Via칞칚o Ouro e Prata,Presencial,https://ouroeprata.gupy.io/job/eyJqb2JJZCI6NjAyNzgxMiwic291cmNlIjoiZ3VweV9wb3J0YWwifQ==?jobBoardSource=gupy_portal,Porto Alegre,Rio Grande do Sul
22/11/2023,ANALISTA LOG칈STICA JR,Leo Madeiras,Presencial,https://leomadeiras.gupy.io/job/eyJqb2JJZCI6NTgyNDA2Nywic291cmNlIjoiZ3VweV9wb3J0YWwifQ==?jobBoardSource=gupy_portal,Barueri,S칚o Paulo
22/11/2023,ANALISTA DE VENDAS - DUNORTE | 0361-6024684,Dunorte Distribuidora ,Presencial,https://dunorte.gupy.io/job/eyJqb2JJZCI6NjAyNDY4NCwic291cmNlIjoiZ3VweV9wb3J0YWwifQ==?jobBoardSource=gupy_portal,Manaus,Amazonas
22/11/2023,ANALISTA CONTROLE COMERCIAL JR,Inpasa Brasil,Presencial,https://inpasateste.gupy.io/job/eyJqb2JJZCI6NjAyNzc3OSwic291cmNlIjoiZ3VweV9wb3J0YWwifQ==?jobBoardSource=gupy_portal,Sinop,Mato Grosso
22/11/2023,Analista de Engenharia de Produtos (Projetos/Processos) III - Presencial - S칚o Jos칠 dos Pinhais/PR,Grupo Botic치rio,Presencial,https://grupoboticario.gupy.io/job/eyJqb2JJZCI6NTk1NzkyMywic291cmNlIjoiZ3VweV9wb3J0YWwifQ==?jobBoardSource=gupy_portal,S칚o Jos칠 dos Pinhais,Paran치
22/11/2023,ANALISTA LABORATORIO JUNIOR,Piracanjuba,Presencial,https://piracanjuba.gupy.io/job/eyJqb2JJZCI6NjAyNzM5Nywic291cmNlIjoiZ3VweV9wb3J0YWwifQ==?jobBoardSource=gupy_portal,Cascavel,Paran치
22/11/2023,ANALISTA INFRAESTRUTURA,Bernoulli Educa칞칚o,Presencial,https://bernoullieducacao.gupy.io/job/eyJqb2JJZCI6NjAwMDAzMywic291cmNlIjoiZ3VweV9wb3J0YWwifQ==?jobBoardSource=gupy_portal,Belo Horizonte,Minas Gerais
22/11/2023,Analista de Recupera칞칚o de Cr칠dito | Unicred Integra칞칚o - Caxias do Sul/RS,UNICRED CENTRAL GERA칂츾O,Presencial,https://unicred.gupy.io/job/eyJqb2JJZCI6NjAyNjE4OCwic291cmNlIjoiZ3VweV9wb3J0YWwifQ==?jobBoardSource=gupy_portal,Caxias do Sul,Rio Grande do Sul
21/11/2023,Analista de Opera칞칫es de Cr칠dito Jr,Superl칩gica Tecnologias ,Hi패brido,https://superlogica.gupy.io/job/eyJqb2JJZCI6NTk2Njg2Niwic291cmNlIjoiZ3VweV9wb3J0YWwifQ==?jobBoardSource=gupy_portal,Campinas,S칚o Paulo
21/11/2023,ANALISTA TES E CONT PAGAR I - CENTRO FINANCEIRO,Hospital Moinhos de Vento,Presencial,https://hospitalmoinhos.gupy.io/job/eyJqb2JJZCI6NjAxMTY0Miwic291cmNlIjoiZ3VweV9wb3J0YWwifQ==?jobBoardSource=gupy_portal,Porto Alegre,Rio Grande do Sul
