job_id,published_date,title,description,career_page_name,type,application_deadline,is_remote_work,city,state,country,job_url,disabilities,workplace_type,submitted
6688003,2024-01-30T12:29:02.738Z,Analista de Preven√ß√£o √† Fraudes J√∫nior,"Venha conosco imaginar o amanh√£, cuidar do hoje e simplificar o agora.Neste desafio buscamos uma Pessoa Analista de Preven√ß√£o √† Fraudes J√∫nior foco em an√°lises, processos, constru√ß√£o e manuten√ß√£o de dados. Responsabilidades e atribui√ß√µesüíº Sua miss√£o em nosso time ser√°:Atuar em conjunto com a √°rea de riscos, analytics, PLD e produtos;Constru√ß√£o de apresenta√ß√µes, relat√≥rios, procedimentos, fluxos e afins;Respons√°vel pela an√°lise de alertas, consolida√ß√£o de dados, reports e acompanhamento de indicadores;Apoiar e dar suporte a opera√ß√£o externa (fornecedor).Requisitos e qualifica√ß√µesüéìO que √© necess√°rio pra se inscrever (pr√©-requisitos obrigat√≥rios):Superior cursando ou conclu√≠do;Experi√™ncia com manipula√ß√£o e an√°lise de dados, fluxos e procedimentos.Conhecimento em produtos de cart√£o de cr√©dito, segmento de meios de pagamento, bancos, financeiras, adquirentes ou e-commerce (desej√°vel)Conhecimento intermedi√°rio Excel, VBA (desej√°vel)Experi√™ncia em an√°lise de padr√µes de comportamento de fraudadores por meio de an√°lise de dados, definindo tratativas adequadas para os comportamentos identificados (desej√°vel)Ingl√™s intermedi√°rio (desej√°vel)Informa√ß√µes adicionaisBenef√≠cios e informa√ß√µes adicionais:‚úì Vale Refei√ß√£o/Alimenta√ß√£o;‚úì Assist√™ncia M√©dica e Odontol√≥gica;‚úì Vale Transporte;‚úì Seguro de Vida;‚úì PPR;‚úì Aux√≠lio creche;‚úì Folga de anivers√°rio para celebrar, tendo flexibilidade para escolher o dia;‚úì Modelo de trabalho h√≠brido;‚úì Gympass, acesso a milhares de academias, est√∫dios e aulas ao vivo com descontos nas mensalidades;‚úì Summer Get, benef√≠cios durante o ver√£o para cuidar da sua sa√∫de e incentivar h√°bitos saud√°veis;‚úì Campanhas de vacina√ß√£o anuais, oferecidas de forma gratuita nas sedes ou em cl√≠nicas credenciadas;‚úì Programa de Apoio Pessoal Especializado (PAPE), apoio multidisciplinar de forma gratuita extensivo a dependentes com assist√™ncia em psicologia, servi√ßo social, finan√ßas, jur√≠dica, nutri√ß√£o, entre outros;‚úì Programa Acolher, que concede licen√ßa maternidade de 180 dias e paternidade de 28 dias. Em casos de ado√ß√£o, o per√≠odo √© definido com base na idade da crian√ßa;‚úì Plataforma de Educa√ß√£o.Onde voc√™ atuar√°: sede S√ÉO PAULOE a√≠? Curtiu a oportunidade? Ent√£o aplica na vaga e vamos bater um papo! #vempraget",Getnet Brasil,vacancy_type_effective,,False,S√£o Carlos,S√£o Paulo,Brasil,https://getnet.gupy.io/job/eyJqb2JJZCI6NjY4ODAwMywic291cmNlIjoiZ3VweV9wb3J0YWwifQ==?jobBoardSource=gupy_portal,True,hybrid,True
6688050,2024-01-30T12:28:29.883Z,Analista de Compras J√∫nior,"A Raiz est√° crescendo!Buscamos um novo talento para somar for√ßas ao time de Opera√ß√µes em Compras!Responsabilidades e atribui√ß√µesReceber os pedidos de compras via sistema interno;Realizar a cota√ß√£o avaliando custo x benef√≠cio;Conduzir o processo de compras dentro dos prazos adequados;Realizar o pedido de preparo de malotes e encomendas.Requisitos e qualifica√ß√µesEnsino Superior em Administra√ß√£o de Empresas, Log√≠stica ou √°reas correlatadas;No√ß√µes sobre os processos de Supply Chain;Viv√™ncia anterior nas atividades descritas;Habilidade de negocia√ß√£o, organiza√ß√£o e resili√™ncia.Informa√ß√µes adicionais",Raiz Educa√ß√£o,vacancy_type_effective,,False,Rio de Janeiro,Rio de Janeiro,Brasil,https://raizeducacao.gupy.io/job/eyJqb2JJZCI6NjY4ODA1MCwic291cmNlIjoiZ3VweV9wb3J0YWwifQ==?jobBoardSource=gupy_portal,True,on-site,True
6590677,2024-01-30T12:28:02.142Z,Analista Financeiro [Contas a Pagar],"Na Warren, confian√ßa √© a base de tudo. Nossos clientes sabem, com total transpar√™ncia, como seus investimentos s√£o geridos, quais as taxas envolvidas e o n√≠vel de risco de cada um. Nosso prop√≥sito √© eliminar o conflito de interesses no mercado de investimentos brasileiro: n√£o somos comissionados pelos produtos sugeridos, garantindo que o perfil e os objetivos de cada cliente estejam no centro de todas as decis√µes. Se voc√™ acredita em um mercado financeiro mais transparente, capaz de oferecer a melhor experi√™ncia de investimentos para seus clientes, a Warren √© o seu lugar. Aqui, voc√™ ter√° a oportunidade de se desenvolver enquanto atua em um ambiente de alta performance, aprendendo com os melhores profissionais do mercado. Buscamos pessoas que valorizam o trabalho em equipe, sempre prezando pela √©tica e excel√™ncia em suas entregas. Somos uma empresa para todas as pessoas que desejam fazer o seu melhor todos os dias, independentemente de g√™nero, etnia, orienta√ß√£o ou qualquer outra condi√ß√£o, e nosso processo seletivo √© baseado na neutralidade. Responsabilidades e atribui√ß√µesImplementar melhorias cont√≠nuas nos processos financeiros;Participar ativamente do projeto de transi√ß√£o para o Oracle Net Suites, incluindo treinamento da equipe;Realizar pagamentos di√°rios, aprova√ß√µes no ERP e Internet Banking, e concilia√ß√£o banc√°ria;Processar arquivos de remessa e retorno banc√°rio, emitir comprovantes de pagamento;Gerenciar contas a pagar, realizar fechamento mensal e controle de t√≠tulos em aberto;Lidar com arquivos de cobran√ßa, concilia√ß√£o di√°ria de recebimentos e cobran√ßas para t√≠tulos vencidos;Gerenciar instru√ß√µes banc√°rias para clientes, repasses de fundos e caixa operacional;Manter relacionamento com bancos, stakeholders externos e suporte √†s auditorias internas e externas.Requisitos e qualifica√ß√µesEnsino superior completo em Economia, Contabilidade, Administra√ß√£o ou √°reas correlatas;Experi√™ncia em Rotinas e Processos do Contas a Pagar;Conhecimento em Contas a Receber, Tesouraria, Fiscal e Contabilidade;Conhecimento em Pacote Office, com foco em Excel e Power Point;Experi√™ncia pr√©via com Oracle Net Suites;Ser√° considerado um diferencial:Conhecimento em ferramentas de programa√ß√£o e visualiza√ß√£o de dados, como SQL, Metabase, Power BI, Tableut, ou outros. Informa√ß√µes adicionaisO que a Warren te proporciona?Cultura de inova√ß√£o com times multidisciplinares e estrutura horizontal, focados em desenvolver as melhores solu√ß√µes para nossas pessoas usu√°rias. Possibilidade de contribuir em frentes diversas para o seu crescimento. Plano de Sa√∫de Seguros Unimed para voc√™ e seus dependentes;Plano Odontol√≥gico Seguros Unimed e Care Plus para voc√™ e seus dependentes;Benef√≠cio VR e VA;Licen√ßa maternidade estendida;Licen√ßa paternidade estendida;Day off de anivers√°rio;2 Day Offs remunerados por ano;Aux√≠lio Creche;Aux√≠lio Transporte;Programa de Partnership: seja uma pessoa s√≥cia da Warren.Bonifica√ß√£o Vari√°vel Semestral;TotalPass;Seguro de Vida Prudential.",Warren Investimentos,vacancy_type_effective,,False,S√£o Paulo,S√£o Paulo,Brasil,https://warrenbrasil.gupy.io/job/eyJqb2JJZCI6NjU5MDY3Nywic291cmNlIjoiZ3VweV9wb3J0YWwifQ==?jobBoardSource=gupy_portal,True,hybrid,True
6688014,2024-01-30T12:25:39.807Z,Pessoa Analista de Gente & Gest√£o - Recrutamento & Sele√ß√£o,"A Pessoa Analista de Gente &amp; Gest√£o ir√° realizar as demandas de recrutamento, sele√ß√£o, integra√ß√£o de colaboradores, avalia√ß√£o de experi√™ncia, resolu√ß√£o de conflitos e desenvolvimento de funcion√°rios. Al√©m disso, ir√° cuidar das a√ß√µes relacionadas √† experi√™ncia do candidato e do colaborador, bem como apoio √†s a√ß√µes de sa√∫de emocional da empresa. Responsabilidades e atribui√ß√µesFazer a manuten√ß√£o das novas e atuais vagas em aberto no sistema;Realizar a sele√ß√£o de curr√≠culos atrav√©s dos requisitos pr√©-definidos para a vaga;Realizar conversas com candidatos, a fim de compreender o fit cultural dos mesmos;Fazer os retornos positivos e negativos aos candidatos;Organizar agendas com os gestores para as conversas de sele√ß√£o;Preparar e realizar o onboarding dos novos colaboradores;Aplicar pesquisas como de satisfa√ß√£o, avalia√ß√£o de experi√™ncia e avalia√ß√£o de onboarding;Aplicar e revisar a√ß√µes para experi√™ncia do candidato e do colaborador;Realizar e a√ß√µes de sa√∫de emocional na empresa;Apoiar a outras demandas do Setor de Gente &amp; Gest√£o.Requisitos e qualifica√ß√µesConhecimentosDesej√°vel:Conhecimento nas plataformas Gupy, Qulture rocks, Canva, Learning rocks;Experi√™ncia com Psicologia Organizacional;Indispens√°vel:Conhecimento em plataforma de comunica√ß√£o e Google Workspace;Viv√™ncia em assuntos relacionados a Psicologia Organizacional;Experi√™ncia em processos seletivos;Forma√ß√£o em Psicologia ou em Recursos Humanos.Compet√™ncias ComportamentaisDesej√°vel:Comunica√ß√£o eficaz e estrat√©gica, gest√£o de relacionamentos, resolu√ß√£o de conflitos, resili√™ncia e adaptabilidade, pensamento cr√≠tico e habilidade anal√≠tica; Indispens√°vel:Proatividade, comunica√ß√£o n√£o-violenta, resili√™ncia, empatia, preocupa√ß√£o pelo pr√≥ximo e consci√™ncia sobre a import√¢ncia da sa√∫de emocional. Informa√ß√µes adicionaisNossos Benef√≠cios:Cart√£o Flash de benef√≠cios flex√≠veis;Aux√≠lio Home Office;Plano de Sa√∫de Nacional (SulAm√©rica) - 50% da mensalidade;Plano de Sa√∫de Estadual (Unimed/SC) - 50% da mensalidade;Parceria com Rede de Conv√™nios de desconto em farm√°cias;Plano de Sa√∫de Emocional (Moodar);Plano Odontol√≥gico Nacional (MetLite);Seguro de vida (MetLite);Plano de Carreira;Parceria com institui√ß√µes de ensino da l√≠ngua inglesa;Cadeiras confort√°veis;Day off no dia do anivers√°rio;Material fornecido (notebook e fone de ouvido).No dress code (pode trabalhar de bermuda, camiseta, chinelo, kilt, burca, como se sentir melhor);Contrata√ß√£o na Modalidade CLTBiblioteca Corporativa;√ìtimo ambiente de trabalho;Conhecer o ecossistema de startups;Desenvolvimento pessoal acelerado;Trabalhar com pessoas super talentosas.ÔªøDetalhes da Vaga:Tempo Integral (Dedica√ß√£o Exclusiva);Modalidade de Trabalho: Home OfficeJornada de Trabalho: Segunda a Sexta-feira;Carga Hor√°ria: 44 Horas Semanais.",Effecti,vacancy_type_effective,,True,,,Brasil,https://effecti.gupy.io/job/eyJqb2JJZCI6NjY4ODAxNCwic291cmNlIjoiZ3VweV9wb3J0YWwifQ==?jobBoardSource=gupy_portal,True,remote,True
6687959,2024-01-30T12:23:12.658Z,Analista de Departamento Pessoal S√™nior,"Estamos buscando um novo talento para somar for√ßas ao time de Departamento Pessoal!Responsabilidades e atribui√ß√µesAn√°lise cr√≠tica, constru√ß√£o e execu√ß√£o da folha de pagamento no sistema RM Labore;Envio dos dados ao E-social e contabiliza√ß√£o da folha;Lan√ßamento e confer√™ncia dos encargos;Apoio aos processos de admiss√£o, demiss√£o e f√©rias.Requisitos e qualifica√ß√µesEnsino superior completo em Administra√ß√£o, Ci√™ncias Cont√°beis etc;Amor pela educa√ß√£o;Excel avan√ßado;S√≥lida viv√™ncia na utiliza√ß√£o do RM Labore nas atividades descritas.Informa√ß√µes adicionais",Raiz Educa√ß√£o,vacancy_type_effective,,False,Rio de Janeiro,Rio de Janeiro,Brasil,https://raizeducacao.gupy.io/job/eyJqb2JJZCI6NjY4Nzk1OSwic291cmNlIjoiZ3VweV9wb3J0YWwifQ==?jobBoardSource=gupy_portal,True,on-site,True
6687559,2024-01-30T12:19:28.197Z,ANALISTA EM ENERGIA EL√âTRICA - ENERGIA E FLORESTAL ,"Respons√°vel por garantir e executar os procedimentos de energia, tais como analisar, revisar e elaborar contratos, acompanhamento or√ßament√°rio e manter-se atualizado junto aos √≥rg√£os reguladores de energia el√©trica, com objetivo de fornecedor informa√ß√µes confi√°veis para tomada de decis√£o da √°rea de Energia.Responsabilidades e atribui√ß√µesAnalisa e revisa os contratos de fornecimento de energia, levando em considera√ß√£o os gastos por unidade, visando o atender as demandas entre o setor e as unidades de neg√≥cio;Elabora os contratos do setor (Conex√£o, Demanda, Compra e Venda Energia, Compra e Venda Biomassa, √Åreas, Silvicultura, Colheita, entre outros) no sistema informatizado, visando registro correto e controle das vers√µes dos mesmos;Analisa e acompanha as quest√µes relativas a UHE salto Curucaca parceria com a Santa Maria, acompanhando e realizando or√ßamentos, atas, gera√ß√µes, ANEEL, CCEE e outros, visando controle e tomada de decis√£o.Analisa as despesas da Agr√°ria Energia e Florestal, comparando o or√ßado/realizado e compilando poss√≠veis varia√ß√µes de custos, a fim de fornecer informa√ß√µes para tomada de decis√£o; registrando nos sistemas informatizados os dados sobre processo visando controle das informa√ß√µes.Analisa e controla os lan√ßamentos em sistema informatizado, tais como: Valores de projetos de investimento, projetos resumidos, fluxo de caixa, despesa com imobilizados, entre outros, visando o controle e tomada de decis√£o.Faz o rateio da fatura de Energia nas unidades consumidoras, inserindo os dados no sistema informatizado, acompanhando as aprova√ß√µes dos documentos, evitando atrasos e o pagamento de multas;Assiste na elabora√ß√£o do or√ßamento do setor e o acompanhamento do mesmo, comparando o or√ßado realizado mensal das contas, levantando oportunidades e causas de desvios, registrando nos sistemas, visando a tomada de decis√£o.Acompanha os relat√≥rios emitidos pela CCEE e ANEEL sobre o mercado de energia el√©trica, analisa as atualiza√ß√µes de Legisla√ß√µes Pertinentes a √°rea, prop√µe alternativas para melhor aloca√ß√£o compra/venda/swap de Energia El√©trica, visando fornecer informa√ß√µes gerenciais e tomada de decis√£o.Assiste na execu√ß√£o das a√ß√µes do planejamento estrat√©gico referente √† sua √°rea de atua√ß√£o.Assiste no balan√ßo energ√©tico mensal de energia el√©trica, analisando a demanda das unidades, visando √† necessidade de compra ou venda;Assiste em atividades diversas em sua √°rea de atua√ß√£o, mediante determina√ß√£o de seu superior imediato;Requisitos e qualifica√ß√µesEnsino Superior Completo;Viv√™ncia em Gest√£o de Contratos;Viv√™ncia em Gest√£o de Projetos;Possuir Conhecimento Cont√°bil, Tribut√°rio e de Custos;Viv√™ncia com Legisla√ß√£o de Energia El√©trica;Pacote Office N√≠vel Avan√ßado;Ingl√™s n√≠vel Intermedi√°rio.Informa√ß√µes adicionaisCart√£o Alimenta√ß√£o;Plano de sa√∫de: Unimed - abrang√™ncia nacional - plano co-participativo, com extens√£o para a fam√≠lia;Recrutamento interno e crescimento salarial atrav√©s do plano de Cargos e Sal√°rios e Meritocracia;Plano Odontol√≥gico: DentalUni- plano co-participativo com extens√£o para a fam√≠lia;Refei√ß√£o subsidiada no refeit√≥rio interno;Associa√ß√£o de funcion√°rios - Estrutura de lazer, esporte e tamb√©m conv√™nios com diversas institui√ß√µes.Programa de participa√ß√£o nos resultados (t√™m direito ao PPR colaboradores com 90 dias trabalhados no ano).APP BECARE - Plataforma de Sa√∫de Integral (Psic√≥logos, Nutricionistas e Personal Trainers).Seguro de vida;",Cooperativa Agr√°ria,vacancy_type_effective,2024-02-07T00:00:00.000Z,False,Guarapuava,Paran√°,Brasil,https://agraria.gupy.io/job/eyJqb2JJZCI6NjY4NzU1OSwic291cmNlIjoiZ3VweV9wb3J0YWwifQ==?jobBoardSource=gupy_portal,True,on-site,True
6674840,2024-01-30T12:19:03.062Z,AMBIPAR RESPONSE ES - Analista de Biodiversidade,"Ol√°, candidato! Essa oportunidade √© para fazer parte do projeto de BIOENGENHARIA. Esse profissional far√° parte da equipe operacional contribuindo com o desenvolvimento de atividades de recupera√ß√£o de √°reas degradadas pelo setor de minera√ß√£o, atuando em campo (mina) nas cidades de Ouro Branco/MG, Ouro Preto/MG e Itabirito/MG. Buscamos profissional da √°rea de sustentabilidade e meio ambiente, comprometido com resultados pr√°ticos e que tenha interesse em contribuir com solu√ß√µes sustent√°veis em nossos projetos. RP-1365-AMBP-ENV-803Responsabilidades e atribui√ß√µesDocumentar os estudos atrav√©s de fotos, filmagem, ilustra√ß√£o e material cient√≠fico;Inventariar biodiversidade, delimitando a √°rea de amostragem;Realizar levantamentos nos diferentes biomas;Analisar a distribui√ß√£o espacial e temporal;Quantificar esp√©cies;Classificar amostras;Elaborar banco de dados;Organizar cole√ß√µes biol√≥gicas, preparando material para cole√ß√µes.Montar e manter cole√ß√µes biol√≥gicas, criadouro, bancos de material biol√≥gico;Assessorar tecnicamente museus e exposi√ß√µes tem√°ticas;Manejar recursos naturais, manejando esp√©cies silvestres e ex√≥ticas, recursos florestais, pesqueiros e recursos h√≠dricos;Estabelecer medidas de manejo e de conserva√ß√£o de recursos naturais renov√°veis;Desenvolver projetos de reflorestamento, programas de controle de pragas, doen√ßas, parasitas e vetores;Elaborar e executar projetos de desenvolvimento sustent√°vel;Executar resgate e transloca√ß√£o de esp√©cies da fauna e/ou da flora;Inventariar florestas, identificando esp√©cies, monitorando crescimento de √°rvores e levantando potencial de madeira em florestas renov√°veis e nativas;Realizar medi√ß√µes ao cubar √°rvores derrubadas;Examinar planta topogr√°fica; relatar ocorr√™ncias de inc√™ndios, pragas, desmatamentos e intemp√©ries;Executar outras tarefas de mesma natureza e n√≠vel de complexidade associadas ao ambiente organizacional;Desenvolver outras atividades correlatas determinadas pelo superior imediato;Zelar pela limpeza e conserva√ß√£o do seu local de trabalho, ve√≠culos, m√°quinas e ferramentas sob sua guarda;Cumprir as normas de sa√∫de, seguran√ßa e meio ambiente conforme estabelecido pela Empresa;Cumprir os processos e demais mecanismos para atendimento do SGI da Empresa;Dirigir ve√≠culo da empresa, quando e se necess√°rio, caso habilitado para tal;Assegurar que o sistema de gest√£o de sa√∫de, seguran√ßa e meio ambiente estejam em conformidade com os requisitos das normas implantadas e relatar o seu devido desempenho para a alta dire√ß√£o;Retirar quaisquer barreiras que possam incluir falhas nas sugest√µes de trabalhadores;Identificar melhoria no processo de sa√∫de, seguran√ßa e meio ambiente utilizando o canal de participa√ß√£o e consulta dos trabalhadores.Requisitos e qualifica√ß√µesForma√ß√£o em Biologia ou √°reas correlatas;Viv√™ncia em projetos de Recupera√ß√£o de √Åreas Degradadas no setor de Minera√ß√£o;Conhecimentos espec√≠ficos em resgate de fauna e flora;Comunica√ß√£o assertiva e efetiva;CNH B;Experi√™ncia com atividades similares;Informa√ß√µes adicionaisVoc√™ contar√° ainda com estes benef√≠cios:Refei√ß√£o no site do cliente;Vale Alimenta√ß√£o ou Refei√ß√£o;Transporte at√© a mina;Vale Transporte;Assist√™ncia M√©dica;Assist√™ncia Odontol√≥gica;Seguro de Vida.",Ambipar Response ES S/A,vacancy_type_effective,,False,Ouro Preto,Minas Gerais,Brasil,https://ambipar.gupy.io/job/eyJqb2JJZCI6NjY3NDg0MCwic291cmNlIjoiZ3VweV9wb3J0YWwifQ==?jobBoardSource=gupy_portal,True,on-site,True
6680854,2024-01-30T12:17:02.243Z,Analista De Qualidade - Integra√ß√£o,"Como Analista de Qualidade voc√™ ir√°: Acompanhar a execucao dos processos de producao conforme procedimentos internos visando o alcance e melhoria dos resultados.Se inscreva, e embarque nessa jornada com a gente! üöÄResponsabilidades e atribui√ß√µesAdministrar os trabalhos realizados no setor especifico conforme solicitacao, a fim de manter as atividades conforme os procedimentos. Apresentar resultados dos check-lists e rotas da qualidade periodicamente com o objetivo de realizar analise critica das informacoes e acompanhar o andamento das propostas. Apoiar na gestao ambiental da unidade acompanhando e monitorando os processos criticos visando atender as metas estabelecidas. Manter a identificacao organizacao limpeza e as condicoes das instalacoes do campo visando atender as praticas do programa de 5S. Realizar entrevista para acesso a unidade via formulario especifico com intuito de assegurar o atendimento das normas de biosseguridade e boas praticas. Registrar as ocorrencias referentes as rotas da qualidade ou conforme solicitacao visando o registro das informacoes e tratativas. Realizar inspecoes e medicoes nos processos conforme procedimento ou solicitacao a fim de garantir a padronizacao das atividades e/ou qualidade dos produtos. Lancar os dados coletados durante as inspecoes e analises em sistema informatizado com o objetivo de coletar informacoes e manter registros. Realizar rotas da qualidade nos processos de producao e administrativos visando o atendimento aos padroes vigentes. Propor acoes corretivas referentes a anomalias identificadas durantes os processos de producao visando a melhoria das atividades e alcance dos resultados. Realizar os lancamentos de dados via sistema especifico visando manter os registros para controle e organizacao de documentos dos lotes. Cumprir e fazer cumprir a legislacao vigente normas e regulamentos da empresa. Prestar orientacoes sobre as praticas e rotinas setoriais aos membros da equipe. Buscar e propor novas acoes atuando sempre com uma visao critica sobre os processos a fim de otimizar a execucao das atividades/processos de sua area. Realizar atribuicoes correlacionadas a criterio de seu superior imediato. Verificar os processos realizados por equipes terceiras, visando a garantia e padronizacao. Assessorar a gestao em assuntos pertinentes a sua area de atuacao.Requisitos e qualifica√ß√µesSuperior Completo em Are√°s Afins (M√©dicinia Veterin√°ria ou Zootecnia).Desej√°vel CNH - B.Disponibilidade de Hor√°rio.Inform√°tica Intermedi√°ria.Ser Comunitcativo e Proativo.Informa√ß√µes adicionaisOferecemos uma lista completa de benef√≠cios incluindo:Planos de sa√∫de e odontol√≥gicos com pre√ßos especiais.Vale-alimenta√ß√£o.Gympass com planos promocionais. Seguro de vida coletivo e treinamento.Capacita√ß√£o continuados.",SSA - S√£o Salvador Alimentos,vacancy_type_effective,2024-02-08T00:00:00.000Z,False,Itabera√≠,Goi√°s,Brasil,https://ssa.gupy.io/job/eyJqb2JJZCI6NjY4MDg1NCwic291cmNlIjoiZ3VweV9wb3J0YWwifQ==?jobBoardSource=gupy_portal,True,on-site,True
6650246,2024-01-30T12:13:56.891Z,UAB |ANALISTA DE MARKETING/CRM SR,"UMA EMPRESA BRASILEIRA, FEITA DE TALENTOS, PAIX√ÉO, MUITO ENTUSIASMO E DESAFIOS!ÔªøOi, somos a AUTOMOB! Somos apaixonados por carros. Mas o que temos de mais valioso mesmo √© a nossa gente! Gente que ama o que faz, que sonha grande e que quer sempre ir al√©m.Somos uma das principais empresas no varejo de autom√≥veis e motocicletas do pa√≠s, com o maior portf√≥lio de marcas do segmento. Com o prop√≥sito de oferecer solu√ß√µes integradas para quem busca mobilidade, s√£o mais de 70 lojas, em 19 munic√≠pios distribu√≠dos nas regi√µes sul, sudeste e nordeste do pa√≠s, oferecendo servi√ßos que v√£o desde a venda de ve√≠culos e o p√≥s-venda, passando por venda de pe√ßas, acess√≥rios at√© a oferta de seguros de nossa corretora pr√≥pria, a Madre Corretora.Nosso foco sempre foi construir um ambiente colaborativo e de desenvolvimento pessoal, onde todos possam se tornar melhores a cada dia.Somos uma Empresa diversa e que promove a diversidade em todas as vagas independente de g√™nero, orienta√ß√£o sexual, ra√ßa, religi√£o ou defici√™ncia.Todos os processos seletivos conduzidos pela AUTOMOB s√£o afirmativos, inclusivos e n√£o discriminat√≥rios.Responsabilidades e atribui√ß√µesColetar, analisar e interpretar dados dados para identificar clientes potenciais e melhorar a efic√°cia das campanhas de CRM;Realizar segmenta√ß√£o de dados para disparos de a√ß√µes e an√°lises de perfil;Desenvolver a√ß√µes de relacionamento cumprindo as exig√™ncias de CRM das montadorasRealizar a√ß√µes atrav√©s das ferramentas de Marketing, disparos de e-mail, sms, whatsapp e push;Mensurar resultados de campanhas; acompanhar e desenvolver novos projetos;Tratar com a ag√™ncia sobre briefing de r√©gua de relacionamento de acordo com os guides das montadoras;Suporte t√©cnico e treinamentos; desenvolver estrat√©gia para a√ß√µes recorrentes de relacionamento;Acompanhar o desempenho das campanhas de CRM e monitorar m√©tricas-chave e realizar an√°lises p√≥s-campanhas para medir o impacto e efic√°cia das a√ß√µes de marketing, vendas e produto;Requisitos e qualifica√ß√µesPr√© requisitosForma√ß√£o Superior Completa nas √°reas de Marketing, Engenharia, Estat√≠stica, Ci√™ncias de Dados ou √°reas correlatasExperi√™ncia em liderar campanhas de comunica√ß√£o anteriormente tamb√©m ser√° considerado um diferencialConhecimento avan√ßado no pacote OfficeExperi√™ncia s√≥lida em Excel ou em outras ferramentas de an√°lise de dadosHabilidadesCapacidade de traduzir dados complexos em insigths acion√°veis para melhorar a tomada de decis√£oPerfil anal√≠tico e voltado para dados, que busca encontrar padr√µes e, a partir deles, desenvolver estrat√©gias.Boa comunica√ß√£o e trabalho em equipe.Compreens√£o das melhores pr√°ticas de CRMIngl√™s ser√° um diferencialConhecimento no CRM Syonet ser√° um diferencial.Informa√ß√µes adicionaisGENTE √â O NOSSO NEG√ìCIO E √â POR ISSO QUE VALORIZAMOS NOSSOS COLABORADORES DE DIVERSAS FORMAS!Os benef√≠cios tradicionais que voc√™ j√° conhece, n√≥s tamb√©m temos. Queremos te mostrar que vamos al√©m. Saiba mais!LIGADO EM VOC√ä: Atendimento especializado para a nossa gente e familiares por meio de uma central 24 horas para apoio psicol√≥gico, sobre sa√∫de, social, familiar, financeiro e/ou jur√≠dico e tudo isso com sigilo absoluto.Pela Universidade AUTOMOB, a nossa gente aprende e potencializa seu desenvolvimento profissional, tornando cada um(a) protagonista de sua carreira.Reconhecemos e valorizamos a nossa gente veterana que completa anos de casa. Quem possui mais de 15 anos, ainda tem um evento mega especial.Se identificou com essa vaga? Conhe√ßa as nossas vagas, inscreva-se e vamos juntos participar dessa Empresa que cresce todos os dias.",AUTOMOB,vacancy_type_effective,,False,S√£o Paulo,S√£o Paulo,Brasil,https://automob1.gupy.io/job/eyJqb2JJZCI6NjY1MDI0Niwic291cmNlIjoiZ3VweV9wb3J0YWwifQ==?jobBoardSource=gupy_portal,True,on-site,True
6687617,2024-01-30T12:10:40.772Z,ANALISTA FINANCEIRO,"No Grupo Ramasa, valorizamos o comprometimento com a excel√™ncia. Se voc√™ √© um profissional cm brilho nos olhos e apaixonado pelo que faz, acreditamos que, com sua experi√™ncia e paix√£o, voc√™ n√£o s√≥ contribuir√° para o nosso sucesso cont√≠nuo, mas tamb√©m se tornar√° uma pe√ßa fundamental no crescimento e na evolu√ß√£o da nossa organiza√ß√£o. Venha fazer parte do nosso time!Responsabilidades e atribui√ß√µesApoiar na an√°lise de processos (custos fixos, vari√°veis e estrat√©gicas...);Auxiliar no acompanhamento e controle dos contratos de fornecedores e or√ßament√°rios;Auxiliar no acompanhamento dos indicadores de desempenho (KPIs waters);Apoiar nas rotinas de contas a pagar (Bens, Notas fiscais, etc.);Interagir com as demais √°reas buscando oportunidades de melhoria;Auxiliar na gest√£o de pagamentos da √°rea (controle de pagamentos, reembolsos);Apoiar na an√°lise da necessidade de compras no sistema operacional;Apoiar na gest√£o de contratos de presta√ß√µes de contas (Bens, Termos de Maio Pr√©via, Termos de Maio Pronto, Compra de passagem a√©rea, etc.);Requisitos e qualifica√ß√µesEnsino Superior completo em Ci√™ncias Cont√°beis ou Administra√ß√£o;Necess√°rio experi√™ncia na √°rea;Excel intermedi√°rio.Informa√ß√µes adicionaisSal√°rio fixo;Vale alimenta√ß√£o ou refei√ß√£o;Plano de sa√∫de;Plano odontol√≥gico;Seguro de Vida e aux√≠lio funer√°rio.",Grupo Ramasa,vacancy_type_effective,,False,Goi√¢nia,Goi√°s,Brasil,https://gruporamasa.gupy.io/job/eyJqb2JJZCI6NjY4NzYxNywic291cmNlIjoiZ3VweV9wb3J0YWwifQ==?jobBoardSource=gupy_portal,True,on-site,True
6686801,2024-01-29T23:28:24.895Z,Pessoa Engenheira de Dados S√™nior | Gest√£o Corporativa - Vaga exclusiva para mulheres üë©,"Nossa √°rea de Estrat√©gia e Tecnologia √© um pilar fundamental dos nossos neg√≥cios, sendo respons√°vel pela nossa transforma√ß√£o digital. Aqui criamos solu√ß√µes tecnol√≥gicas sempre idealizando e desenvolvendo t√©cnicas e processos de automa√ß√£o, seja para aprimorar a experi√™ncia de trabalho das nossas equipes ou aumentar a capacidade de entrega dos nossos produtos e servi√ßos.N√≥s somos respons√°veis por uma infraestrutura gigantesca que atende aos principais produtos de v√≠deo da Globo, como o Globoplay, Premiere e os Canais Globo. Al√©m disso, somos respons√°veis pela transmiss√£o ao vivo de grandes eventos - desde os campeonatos estaduais de futebol, a Copa do Mundo, Olimp√≠adas, Rock in Rio e at√© as c√¢meras ao vivo do Big Brother Brasil, que fica dispon√≠vel 24x7 para todos os assinantes do Globoplay.Somos a √°rea de Gest√£o Corporativa, nosso time tem a responsabilidade de suportar todas as ger√™ncias da √°rea, com isso, nosso trabalho tem uma grande diversidade de cen√°rios. A miss√£o da nossa √°rea √© o desenvolvimento de solu√ß√µes corporativas, atendimento ao colaborador e servi√ßos de tecnologia, dentre nossas solu√ß√µes corporativas, temos uma participa√ß√£o em √°reas como Produ√ß√£o de Est√∫dios, Esporte, Jornalismo e Eventos. Criamos ambientes onde todas as pessoas s√£o inclu√≠das, acolhidas e valorizadas. Nos empenhamos em ser uma Globo cada vez mais diversa, em representatividade e pensamento, aprendendo uns com os outros e estimulando a criatividade e inova√ß√£o.Acreditamos na intencionalidade para gerar movimentos transformadores, que reconhe√ßam que diferentes grupos sociais partem de diferentes realidades que precisam ser levadas em considera√ß√£o e acolhidas pelas pessoas e pelo neg√≥cio.Equipes representativas trazem inova√ß√£o inclusiva, nos permitindo criar experi√™ncias emocionantes para diferentes tipos de pessoas.Queremos ser cada vez mais o lugar onde todas as pessoas se encontram e, por isso, essa vaga √© para voc√™, mulher, que quer crescer e construir o futuro com a gente, nos bastidores de produtos e servi√ßos que impactam a vida de milh√µes de brasileiros e brasileiras todos os dias. Responsabilidades e atribui√ß√µesComo ser√° seu dia a dia:  ÔªøVoc√™ ser√° respons√°vel por:Projetar, construir e gerenciar arquiteturas de dados na nuvem;Desenvolver pipelines que assegurem efici√™ncia, confiabilidade, seguran√ßa e qualidade para nossos clientes;Realizar a manuten√ß√£o cont√≠nua de projetos e pipelines, buscando solu√ß√µes eficazes para desafios t√©cnicos, como otimiza√ß√µes e implementa√ß√£o de corre√ß√µes automatizadas. Requisitos e qualifica√ß√µesDo que voc√™ precisa: Conhecimento em linguagens de programa√ß√£o SQL e Python; Experi√™ncia em banco de dados; Experi√™ncia em desenvolver ETL/ELT consistentes, com conhecimento em m√©todos eficientes de extra√ß√£o; Conhecimento avan√ßado em cria√ß√£o e utiliza√ß√£o de APIs; Experi√™ncia em manipula√ß√£o de dados utilizando bibliotecas, como: Pandas, Numpy; Experi√™ncia com gerenciamento de workflow, como: Airflow; Experi√™ncia com armazenamento de dados, como: Parquet; Experi√™ncia em plataformas Cloud: GCP, AWS, Azure; Experi√™ncia em projetar e implementar arquiteturas escal√°veis e de alto desempenho em nuvem; Experi√™ncia em utiliza√ß√£o de containers (ex: Docker); Experi√™ncia em implementar solu√ß√µes de Data Quality; Habilidade em otimiza√ß√£o do processamento de dados, como: clusteriza√ß√£o, particionamento, tuning; Conhecimento em modelagem de dados; Conhecimento em pr√°ticas de seguran√ßa de dados: criptografia, controle de acessos, LGPD;Conhecimento b√°sico dos princ√≠pios de Governan√ßa de dados; Conhecimento em utiliza√ß√£o de microsservi√ßos.ÔªøConhecimentos que te destacam:   Conhecimento em tecnologias de processamento de big data, como: Apache Spark, PyArrow, DuckDB; Conhecimento em linguagem de programa√ß√£o R; Conhecimento em bibliotecas de IA, como: Tensorflow, Scikit-learn, PyTorch; Conhecimento em utiliza√ß√£o de plataformas de IA em nuvem, como: Vertex IA, Azure AI; Conhecimento em An√°lises de Dados; Conhecimento em ferramentas de BI (Power BI, Looker Data Studio); Conhecimento em Storytelling.Informa√ß√µes adicionaisPor que vir para Globo:  Vem e vamos criar hist√≥rias e tecnologias juntos.Na Globo, o encontro de hist√≥rias com tecnologia move um time diverso e apaixonado por inova√ß√£o.A gente tem a chance de aproximar os brasileiros, criando novas formas de se conectar com eles.Aqui, cada um faz a transforma√ß√£o acontecer.Nossos processos seletivos est√£o acontecendo de forma 100% remota e n√≥s encorajamos inscri√ß√µes de qualquer lugar do Brasil e do mundo. #vempraglobo    Seguindo o compromisso de contribuir para um ambiente seguro para nossas pessoas, informamos que ter o esquema completo vacina√ß√£o contra a Covid-19 √© uma condi√ß√£o obrigat√≥ria para o trabalho na Globo, presencial ou a dist√¢ncia, e que o comprovante dever√° ser apresentado como pr√©-requisito para a contrata√ß√£o.  Quer saber mais sobre como √© trabalhar na Globo? Vem acompanhar nosso dia a dia, desafios e conquistas nas nossas redes: https://www.linkedin.com/company/globo  https://www.instagram.com/vempraglobo   https://www.youtube.com/c/VemPraGlobo/  Os seus dados pessoais ser√£o utilizados para fins de sele√ß√£o de candidatos para preenchimento das vagas abertas na Globo. Os dados pessoais coletados durante o processo seletivo dos candidatos que n√£o forem admitidos neste momento poder√£o ser mantidos nos bancos de dados para considera√ß√£o em futuros processos seletivos. Todos os dados coletados ser√£o tratados segundo r√≠gidos padr√µes de seguran√ßa da informa√ß√£o e em total respeito √†s leis de privacidade aplic√°veis, incluindo a Lei 13.709/18, e nos termos de nossa pol√≠tica de privacidade, dispon√≠vel no link: https://vempraglobo.g.globo/files/politica_de_privacidade.pdf Ao prosseguir voc√™ est√° ciente e de acordo para realiza√ß√£o de sua candidatura nestes termos. ",Globo,vacancy_type_effective,,True,,,Brasil,https://globo.gupy.io/job/eyJqb2JJZCI6NjY4NjgwMSwic291cmNlIjoiZ3VweV9wb3J0YWwifQ==?jobBoardSource=gupy_portal,True,remote,True
6686321,2024-01-29T21:28:12.003Z,Assistente de Banco de Dados Oracle,"Aqui, no vezzilapolla.legal, acreditamos e incentivamos o desenvolvimento de uma cultura igualit√°ria. Mais do que diversificar, queremos integrar. Para isso, buscamos oferecer oportunidades iguais a todos sem distin√ß√£o de ra√ßa, cor, sexo, religi√£o, ou qualquer outra condi√ß√£o, e valorizamos caracter√≠sticas como dedica√ß√£o, compet√™ncia, comprometimento e integridade. Mais do que defender causas espec√≠ficas, respeitamos a individualidade de cada um, em prest√≠gio da harmonia, do desenvolvimento e do bem comum. Contrata√ß√£o: CLTSegunda a Sexta-feira ‚Äì Hor√°rio Comercial (44 h semanais).O que proporcionamos:Forma H√≠brida - 1 vez na semana Home Office e 4 dias Presenciais, ap√≥s o per√≠odo de treinamento;Iniciativa Bem-Estar: Sextas tem√°ticas, gin√°stica laboral, espa√ßo self-service, fruta, pet day, caf√© de integra√ß√£o, sua fam√≠lia √© bem-vinda e Datas comemorativas (Carnaval, Dia da crian√ßa, Halloween etc.);Iniciativa Solidariedade: Medidas para afetar positivamente o meio, campanha fixa tampinhas e campanhas mensais; Iniciativa Educa√ß√£o: Grupos de estudos, palestra interna e externa, lives, boletim interno, descontos com parceiros comerciais e educacionais e EDU (oferecemos forma√ß√£o educacional ‚Äì Direito Empresarial, lato sensu, com reconhecimento pelo MEC, concedida, sem custo, aos colaboradores internos);Iniciativa Integridade: S√≥lido Programa de √©tica e compliance, mensagem mensal de integridade e treinamentos semestrais; Iniciativa TEC: Busca por solu√ß√µes inovadoras e tecnol√≥gicas;Plano de fidelidade ‚Äì Premia√ß√£o por tempo de casa;Programa de relacionamentos ‚Äì Pontos por participa√ß√£o em nossas iniciativas que podem ser trocados por brindes;VT, VR de R$ 41,73 ao dia, conv√™nio m√©dico e odontol√≥gico.Responsabilidades e atribui√ß√µesApoiar os t√©cnicos e Analistas de TI para solu√ß√£o de problemas e execu√ß√£o das atividades do suporte dentro do banco de Dados Oracle;Demais tarefas pertinentes ao dia a dia.Requisitos e qualifica√ß√µesNo√ß√µes b√°sicas de bancos de dados, como Microsoft SQL Server, PL/MySQL.Conhecimentos em Banco de dados Oracle 11g e/ou superior;Conhecimento das pr√°ticas e t√©cnicas de seguran√ßa de banco de dados, como controle de acesso, criptografia, auditoria, preven√ß√£o de perda de dados etc.Compreens√£o dos fundamentos da linguagem SQL (Structured Query Language) para realizar consultas, manipular dados e executar tarefas de administra√ß√£o. Conhecimentos b√°sicos de modelagem de dados e design de bancos de dados relacionais, incluindo a cria√ß√£o de tabelas, defini√ß√£o de relacionamentos, normaliza√ß√£o etc.Cursando T√©cnico ou superior em √°reas de Tecnologia ou correlatas;Organiza√ß√£o;Proatividade;Racioc√≠nio l√≥gico;Diferenciais:Ter atuado com o SAP C e Legal desk.Informa√ß√µes adicionais",Vezzilapolla.legal,vacancy_type_effective,,False,S√£o Paulo,S√£o Paulo,Brasil,https://vlmadv.gupy.io/job/eyJqb2JJZCI6NjY4NjMyMSwic291cmNlIjoiZ3VweV9wb3J0YWwifQ==?jobBoardSource=gupy_portal,True,hybrid,True
6685664,2024-01-29T19:51:26.266Z,Analista de Dados - S√™nior,"O Grupo Koch procura por profissionais engajados e motivados em crescer, se voc√™ √© um profissional din√¢mico, que tem interesse em ter contato com diferentes times da companhia, aqui √© o seu lugar!#Juntos e Unidos Somos Melhores! E para alcan√ßar nosso potencial ao m√°ximo buscamos por pessoas com alta energia, colaborativas, comprometidas e que busquem por excel√™ncia!!Se identificou? Inscreva-se! Queremos conhecer voc√™! üòÑOportunidade para atuar em Itapema/SC em regime presencial;Hor√°rio de trabalho: 08:00/ 12:00/ 13:10/ 17:58 de segunda a sexta.#VEMJUNTO!! üöÄResponsabilidades e atribui√ß√µesVoc√™ ser√° respons√°vel por:Analisar e levantar requisitos;Definir modelagem e modelos de dados a serem tratados e transformados;Estudar a melhor forma e ferramenta para extra√ß√£o de dados;Administrar ambiente informatizado;Prestar suporte t√©cnico ao usu√°rio; Elabora documenta√ß√£o t√©cnica;Estabelecer padr√µes, executar projetos, est√°r envolvido com as solu√ß√µes para ambientes informatizados e de pesquisas tecnol√≥gicas. Requisitos e qualifica√ß√µesForma√ß√£o superior completa em Tecnologia de Sistemas, Ci√™ncias da Computa√ß√£o ou √°reas de neg√≥cio (Adminstra√ß√£o, Cont√°beis, etc);Ser√° um diferencial o conhecimento em linguagens de programa√ß√£o, Qlik view, Qlik sense, power bi ou tableau;Informa√ß√µes adicionaisBenef√≠cios üìö‚òï üõí ‚úÖUnimed;Plano Odontol√≥gico;Refeit√≥rio com caf√©;Uniforme;Bolsa faculdade;Avalia√ß√£o disciplinar;Quinqu√™nio;Progress√£o profissional;Kit baby;Aux√≠lio creche;Conv√™nio de compras;Conv√™nio farm√°cia;     Seguro de vida;            Conv√™nio com o SESC;Treinamentos e;Vale transporteComo funciona o nosso processo seletivo? üìù1.     Se inscreva em nossa p√°gina de carreira; √â IMPORTANTE completar todas as etapas;2.     Triagem (avalia√ß√£o do cadastro, teste de perfil e v√≠deo de apresenta√ß√£o);3.     Etapa de entrevistas.",Grupo Koch,vacancy_type_effective,,False,Itapema,Santa Catarina,Brasil,https://grupokoch.gupy.io/job/eyJqb2JJZCI6NjY4NTY2NCwic291cmNlIjoiZ3VweV9wb3J0YWwifQ==?jobBoardSource=gupy_portal,True,on-site,True
6554657,2024-01-29T19:22:58.583Z,Analista de Dados II,"Como Analista de Dados II, buscamos uma pessoa com vontade de aprender e com gosto pela parte t√©cnica de dados. Voc√™ trabalhar√° no desenvolvimento, manuten√ß√£o e constru√ß√£o de reports, al√©m de ajudar em eventuais estudos e solu√ß√µes para o Brandsplace, bra√ßo de marketplace da Privalia.Responsabilidades e atribui√ß√µes- Analista de Dados dedicado ao Brandsplace- Design, constru√ß√£o e aprimoramento de dashboards- An√°lise de performance de vendas - visitas, convers√£o, gaps e oportunidadesRequisitos e qualifica√ß√µesPr√©-requisitosEnsino superior completo;Power BI (ou ferramentas parecidas de DataViz);SQL;Google Sheets/Excel avan√ßado;Problem Solving;Storytelling.DiferencialPythonConhecimento de ci√™ncia de dadosConhecimento de engenharia de dados (b√°sico)Web analytics (Google Analytics)Espanhol/Ingl√™s b√°sicoExperi√™ncia em e-commerce ou tipos de neg√≥cios correlatosInforma√ß√µes adicionaisO que oferecemos?Al√©m de um clima descontra√≠do, sem pol√≠tica de dress code e total open space, compartilhamos de alguns outros benef√≠cios que trazem qualidade de vida e muita felicidade:UPPO Club - √© o nosso Clube de Parcerias Privalia, com descontos de parceiros de diversos segmentos: academias, faculdades, escolas de idiomas, restaurantes, est√©tica, etc...Pet Day - nossos bichinhos t√™m a oportunidade de se juntarem a n√≥s todos os meses, num dia muito agrad√°vel e descontra√≠do.Happy Friday - possibilidade de sa√≠da do escrit√≥rio √†s 15h, nas sextas-feiras.Happy Day - tarde livre no dia do anivers√°rio.Programa Qualidade de Vida: com frutas no escrit√≥rio, aulas de Zumba, Gin√°stica Laboral, Quick Massage, Programa de Nutri√ß√£o e muito mais!Desconto de 12% + frete gr√°tis para compras no outlet no nosso site/app.Desconto de at√© 50% nos cursos de gradua√ß√£o e p√≥s-gradua√ß√£o nas institui√ß√µes de ensino parceiras.Conte com o espa√ßo de lazer do nosso escrit√≥rio para jogar uma sinuca com os colegas, nos momentos de intervalo.Disponibilizamos espa√ßo para lanches e refei√ß√µes, al√©m de m√°quinas com lanches, refri e guloseimas... Huumm!   O que voc√™ est√° esperando para se juntar a n√≥s?Se o seu perfil corresponde aos nossos valores e objetivos, deixe seu curr√≠culo conosco e n√£o perca a chance de fazer parte da equipe Privalia.Challenge yourself! #TodayCanBeSpecial",Privalia,vacancy_type_effective,,False,S√£o Paulo,S√£o Paulo,Brasil,https://privalia.gupy.io/job/eyJqb2JJZCI6NjU1NDY1Nywic291cmNlIjoiZ3VweV9wb3J0YWwifQ==?jobBoardSource=gupy_portal,True,on-site,True
6659184,2024-01-30T12:20:31.788Z,Desenvolvimento | Desenvolvedor S√™nior,"A miss√£o üíºÔªøUm (a) Desenvolvedor (a) Full Stack da DMCard proporciona aos nossos colaboradores sistemas pr√≥prios e personalizados de acordo com suas solicita√ß√µes, em uma √°rea que faz a tecnologia entrar em a√ß√£o em nossa empresa!Responsabilidades e atribui√ß√µesO seu desafio ser√° üöÄDesenvolver API REST para suportar os aplicativos existentesManuten√ß√£o e evolu√ß√£o dos sistemas legados em C# e DelphiRequisitos e qualifica√ß√µesAntes de tudo, voc√™ precisa se identificar com nosso prop√≥sito que √© valorizar as pessoas para que cada um amplie suas possibilidades e construa a sua hist√≥ria.Al√©m disso, √© interessante que voc√™ tenha ü§ôSuperior completoIngl√™s Intermedi√°rioExperi√™ncia no desenvolvimento de API RESTExperi√™ncia com GitConhecimento no .Net Framework  4.5 ou superiorConhecimento no .Net Core 3.1 ou superiorConhecimento na linguagem C#Conhecimento em SQL ServerConhecimento em linguagem Delphi 7Desej√°vel conhecimento mensageria (SQS, RabbitMQ, Kafka)Desej√°vel conhecimento em arquitetura de servi√ßos e microsservi√ßosInforma√ß√µes adicionaisAqui n√≥s temos o Programa Nosso Jeito de Cuidar, para incluir todos os nossos benef√≠cios e oferecer mais qualidade de vida para quem trabalha aqui.D√° uma olhada no que voc√™ vai ter de bom fazendo parte do nosso time üòçCart√£o Benef√≠cio Flex√≠vel CAJU - Vale Alimenta√ß√£o/Refei√ß√£o/Mobilidade e outros;Conv√™nio M√©dico (Bradesco);Conv√™nio Odontol√≥gico (Bradesco);Seguro de Vida;Programas de incentivo aos estudos;Curso de Ingl√™s - English Pass (Parceria para todos os colaboradores DM);Gympass pra voc√™ se exercitar;Cart√£o DM Mastercard com limite pr√©-aprovado;Folga no dia do seu anivers√°rio - Um presente da DM para voc√™!PPR (Programa de Participa√ß√£o nos Resultados);Para pais e m√£es: Aux√≠lio creche para crian√ßas de at√© 6 anos;Para pais e m√£es: Licen√ßa maternidade e paternidade estendida, sendo de 6 meses para as m√£es e de 20 dias para os pais.Voc√™ tamb√©m encontrar√°:üåç Um ambiente incr√≠vel, descontra√≠do e acolhedor;üìö Desenvolvimento e a oportunidade de crescer e trilhar sua carreira!",DM,vacancy_type_effective,2024-02-11T00:00:00.000Z,False,S√£o Jos√© dos Campos,S√£o Paulo,Brasil,https://vocedm.gupy.io/job/eyJqb2JJZCI6NjY1OTE4NCwic291cmNlIjoiZ3VweV9wb3J0YWwifQ==?jobBoardSource=gupy_portal,True,hybrid,True
6687680,2024-01-30T12:12:41.608Z,Desenvolvedor Front-end J√∫nior - Trabalho H√≠brido,"Voc√™ √© o tipo de pessoa engajada por transforma√ß√£o, inova√ß√£o e tecnologia? Gosta de trabalhar em equipes aut√¥nomas e com liberdade criativa? A tgid nasceu com o prop√≥sito de auxiliar empreendedores a tirar seus projetos do papel, contando com uma equipe altamente qualificada e experiente no mercado de startups. Chegamos at√© aqui incentivando a liberdade e criatividade do nosso time! E a√≠? O que voc√™ acha se juntar ao nosso time e fazer parte do nosso ecossistema?Responsabilidades e atribui√ß√µesAtuar no desenvolvimento e implementa√ß√£o de interfaces de usu√°rio com base nos designs fornecidos pela equipe de design ou desenvolvedores s√™niores;Aprender e aplicar as melhores pr√°ticas de desenvolvimento front-end para garantir a qualidade e efici√™ncia do c√≥digo;Colaborar com a equipe de desenvolvimento para garantir a integra√ß√£o eficaz da interface do usu√°rio com a l√≥gica de neg√≥cios do aplicativo;Participar de revis√µes de c√≥digo e depura√ß√µes para identificar e corrigir problemas de usabilidade e desempenho;Contribuir para a cria√ß√£o de interfaces de usu√°rio responsivas que funcionem de forma adequada em diferentes dispositivos e resolu√ß√µes;Realizar testes de usabilidade e coletar feedback do usu√°rio para aprimorar continuamente a interface do usu√°rio;Manter-se atualizado com as tend√™ncias e desenvolvimentos no campo de desenvolvimento front-end;Participar de reuni√µes de equipe e de planejamento para entender os requisitos do projeto e propor ideias e solu√ß√µes.Requisitos e qualifica√ß√µesConhecimento b√°sico de HTML, CSS e JavaScript;Imprescind√≠vel conhecimento e viv√™ncia com React;Conhecimento em consumo de REST APIs;Conhecimento em versionamento de c√≥digo, como Git;Desej√°vel conhecimento em bibliotecas de estiliza√ß√£o (ex: Styled Components, Tailwind CSS);Familiaridade com conceitos de design responsivo;Capacidade de aprender rapidamente e se adaptar a novas tecnologias e tend√™ncias;Excelentes habilidades de comunica√ß√£o e trabalho em equipe para colaborar efetivamente com outros membros da equipe;Habilidades de resolu√ß√£o de problemas e depura√ß√£o para identificar e corrigir problemas de software;Ensino superior em curso ou completo em Ci√™ncia da Computa√ß√£o, Engenharia de Software, Sistemas de Informa√ß√£o ou √°reas relacionadas.Informa√ß√µes adicionaisTrabalhamos remoto, por√©m requer resid√™ncia no Estado de S√£o Paulo para encontros presenciais com a equipe, conforme agenda a combinar.",Transform and grow in Digital,vacancy_legal_entity,,False,S√£o Paulo,S√£o Paulo,Brasil,https://tgid.gupy.io/job/eyJqb2JJZCI6NjY4NzY4MCwic291cmNlIjoiZ3VweV9wb3J0YWwifQ==?jobBoardSource=gupy_portal,False,hybrid,True
5896905,2024-01-29T21:13:25.588Z,Pessoa Desenvolvedora de BI Pleno/S√™nior,"Quer fazer parte de um time alta performance? A Neogrid √© um ecossistema de tecnologia e intelig√™ncia de dados que ajuda a empresas a venderem mais, com mais margem üöÄEstamos em busca de pessoas com foco em performance, operando por m√©tricas de neg√≥cios reais e acion√°veis, e que nos ajude a garantir o desenvolvimento √°gil de produtos e tecnologias üë©‚ÄçüíªNa Neogrid, temos o desafio de entregar os melhores resultados com dedica√ß√£o e excel√™ncia, nos desafiando cada vez mais todos os dias!Aqui, voc√™ ter√° a oportunidade de entregar o seu valor, ajudando os maiores players do mercado nacional no desafio de vender mais, com mais margem!Se voc√™ se identificou, temos o desafio certo para voc√™!Responsabilidades e atribui√ß√µesComo Desenvolvedor de Business Intelligence e Analytics, voc√™ desempenhar√° um papel essencial na transforma√ß√£o de dados em insights estrat√©gicos. Nesta oportunidade, voc√™ ir√°: 1. An√°lise de Requisitos:Colaborar com as equipes de neg√≥cios para entender os requisitos anal√≠ticos e estrat√©gicos;Traduzir requisitos em solu√ß√µes t√©cnicas eficientes; 2. Desenvolvimento de Dashboards e Relat√≥rios:Utilizar ferramentas como Microsoft PowerBI, Tableau e outras para criar dashboards interativos e relat√≥rios avan√ßados;Desenvolver visualiza√ß√µes que proporcionem uma compreens√£o profunda dos dados; 3. Modelagem de Dados:Projetar e implementar modelos de dados s√≥lidos, levando em considera√ß√£o a escalabilidade e a efici√™ncia;Garantir a qualidade e consist√™ncia dos dados por meio de boas pr√°ticas de modelagem; 4. An√°lise Preditiva e Avan√ßada:Aplicar t√©cnicas de an√°lise preditiva e avan√ßada para identificar tend√™ncias, padr√µes e insights estrat√©gicos;Desenvolver modelos estat√≠sticos e algoritmos para aprimorar as capacidades anal√≠ticas; 5. Integra√ß√£o de Dados e ETL:Integrar diversas fontes de dados para fornecer uma vis√£o hol√≠stica;Desenvolver processos ETL para garantir a consist√™ncia e atualiza√ß√£o dos dados; 6. Otimiza√ß√£o e Desempenho:Otimizar consultas e processos para garantir o desempenho eficiente das solu√ß√µes de BI e analytics;Identificar oportunidades de melhoria cont√≠nua; 7. Colabora√ß√£o e Treinamento:Colaborar com diferentes departamentos para entender e atender √†s necessidades anal√≠ticas;Treinar usu√°rios finais na interpreta√ß√£o e utiliza√ß√£o das solu√ß√µes de BI e analytics.Requisitos e qualifica√ß√µesPara isso, √© importante que voc√™ tenha:Experi√™ncia s√≥lida no desenvolvimento de solu√ß√µes de Business Intelligence e Analytics;Profici√™ncia avan√ßada em Microsoft PowerBI, Tableau e outras ferramentas relevantes;Conhecimento profundo em modelagem de dados e design de banco de dados;Experi√™ncia pr√°tica em an√°lise preditiva e avan√ßada;Habilidades anal√≠ticas e capacidade de transformar dados complexos em insights acion√°veis;Familiaridade com pr√°ticas de seguran√ßa de dados e conformidade.Informa√ß√µes adicionaisPor que fazer parte do nosso time? üíö‚ù§Ô∏èüíúüíôAcreditamos no poder da diversidade, que amplia, inclui e faz crescer. Crescer a liberdade, a inova√ß√£o e as oportunidades.  e pensando nas nossas pessoas:  üåç Nossas oportunidades s√£o Remotas ou H√≠bridas! O nosso modelo de trabalho varia conforme a fun√ß√£o.‚è∞ Aqui temos Flexibilidade em nosso Hor√°rio de Trabalho! üè• Cuidamos da sua sa√∫de! Com nosso Plano de Sa√∫de, Plano Odontol√≥gico, Aux√≠lio Medicamento e Seguro de Vida (todos extens√≠veis a dependentes legais).üöç Disponibilizamos Vale Transporte ou Aux√≠lio Estacionamento para voc√™ que mora nas cidades em que nosso ecossistema est√° presente!üçî Quer fazer um lanchinho ou as compras do m√™s? Com nosso Vale Alimenta√ß√£o/Refei√ß√£o flex√≠vel, em cart√£o Flash, √© voc√™ quem manda.üí∞ Est√° buscando aquele descont√£o? Aqui temos Clube de Vantagens!üèãÔ∏è E o shape, como fica? Deixa com o Gympass.üèñÔ∏è Bora tirar aquela folga? No m√™s do seu anivers√°rio, voc√™ ter√° o dia da sua escolha para descansar como quiser.üë®‚Äçüéì Temos a UNICO SKILL, solu√ß√£o educacional de capacita√ß√µes externas para o desenvolvimento cont√≠nuo de Neogriders que podem escolher o que estudar, com op√ß√µes de Gradua√ß√£o, MBA/P√≥s, Idiomas e Cursos Livres!üè´ Cuidamos de voc√™ e da sua fam√≠lia! Fornecemos Aux√≠lio Creche e Licen√ßa Parental Estendida de 6 meses para mam√£es e de 30 dias para papais.üìì Quer se manter atualizado sobre o neg√≥cio e os produtos da empresa e ganhar brindes por isso? Temos a YOU, nossa Universidade Corporativa.üìà Queremos que voc√™ se desenvolva! Por isso, temos PDI (Plano de Desenvolvimento Individual), para voc√™ desenhar seus pr√≥ximos passos com a gente, e Avalia√ß√µes de Desempenho, para que voc√™ tenha clareza sobre o que esperamos de voc√™.üß∏ O NeoBaby √© o nosso programa parental para rec√©m mam√£es e papais!üíµ Temos Programa de Indica√ß√£o! Nos ajude a encontrar mais pessoas para ajudar a Neogrid a continuar crescendo e ganhe uma grana por isso. Se o seu prop√≥sito conversa com o nosso, vem crescer com a gente!",Neogrid Carreiras,vacancy_type_effective,,True,,,Brasil,https://neogridcarreiras.gupy.io/job/eyJqb2JJZCI6NTg5NjkwNSwic291cmNlIjoiZ3VweV9wb3J0YWwifQ==?jobBoardSource=gupy_portal,True,remote,True
6685747,2024-01-29T20:45:42.282Z,Game Designer e Desenvolvedor Unity,"Sendo uma institui√ß√£o dedicada ao ensino, aqui na UniFatecie colocamos a aprendizagem como nossa prioridade, transformando o conhecimento em um estilo de vida! Buscamos diariamente o crescimento, comprometidos com a responsabilidade, a manuten√ß√£o da excel√™ncia e a preserva√ß√£o dos valores que nos conduziram at√© este ponto e que nos impulsionar√£o para o futuro. Trilhe esse caminho conosco!Carga hor√°ria: 44 horas semanais.Local do trabalho: Paranava√≠/PR.Responsabilidades e atribui√ß√µesDesenvolver√° documentos de game design.Realizar√° programa√ß√£o com linguagens espec√≠ficas, como C#.Desenvolver√° projetos com texturas, cenas e modelos 2D e 3DDesenvolver√° games com cen√°rios, sons e efeitos.Requisitos e qualifica√ß√µesBuscamos por profissionais que possuam expertise em documentos de Game Design.Curso espec√≠fico na √°rea.Conhecimento profundo em programa√ß√£o C#.Conhecimento e experi√™ncia com APIs Unity.Conhecimento e experi√™ncia em programa√ß√£o da l√≥gica de jogos.Conhecimento em fundamentos de IA.Residir em Paranava√≠ ou ter disponibilidade para mudan√ßa.Informa√ß√µes adicionaisRemunera√ß√£o competitiva com base na experi√™ncia.Day off no dia do anivers√°rio.Subs√≠dio educacional para cursos EaD da UniFatecie.Ambiente de trabalho din√¢mico e colaborativo.Possibilidade de ampliar suas habilidades e crescer na institui√ß√£o.Remunera√ß√£o competitiva com base na experi√™ncia.Vale alimenta√ß√£o flex√≠vel.Conv√™nio farm√°cia.Plano de sa√∫de co-participativo.Bolsas 100% em cursos espec√≠ficos do EaD.",Grupo Educacional Fatecie,vacancy_type_effective,,False,Paranava√≠,Paran√°,Brasil,https://grupofatecie.gupy.io/job/eyJqb2JJZCI6NjY4NTc0Nywic291cmNlIjoiZ3VweV9wb3J0YWwifQ==?jobBoardSource=gupy_portal,True,on-site,True
6684484,2024-01-29T20:21:21.786Z,Pessoa Desenvolvedora React JS + Backend Senior,"Somos aproximadamente 50k Minsaiters no Mundo e mais de 9k Minsaiters no Brasil e estamos presentes nas maiores empresas em todos os setores. Nossa estrutura permite participar de projetos globais e proporciona um ambiente colaborativo que nos certifica em GreatPlacesToWork e planos diferenciados para Jovens Profissionais tamb√©m reconhecidos pela Employers for Youth. Voc√™ atuar√° no nosso time de Servi√ßos Financeiros, em um projeto estrat√©gico, utilizando metodologias √°geis e em um ambiente de inova√ß√£o.Buscamos profissionais com senso de dono, comprometidos com o sucesso do nosso cliente e com o desenvolvimento da sua carreira dentro da MinsaitVoc√™ ser√° um pilar fundamental nos melhores e maiores projetos de TI do Brasil e em n√≠vel global.Venha ser um Minsaiter!Responsabilidades e atribui√ß√µesüíº Responsabilidades:Profissional ser√° respons√°vel pelo projeto de desenvolvimento web do cliente, dever√° atuar com React e Node JS como interpretador de c√≥digos. Utilizar√° t√©cnologias Back-end no decorrer do programa, e ter√° atua√ß√£o com solu√ß√µes Devops e Banco de Dados.Requisitos e qualifica√ß√µesüìö Requisitos:Forma√ß√£o n√≠vel superior em tecnologia da informa√ß√£o (?).Conhecimento em desenvolvimento Backend.Dom√≠nio em desenvolvimento em React Native e React JS.Conhecimento em Node JS.Conhecimento Devops.Conhecimento de programa√ß√£o web.Conhecimento em MS SQL Server.Outras habilidades:Capacidade de trabalhar em equipe e se comunicar efetivamente com colegas e stakeholders;Concentra√ß√£o no trabalho, disciplina, e trabalhar com agilidade e ter proatividade.Se voc√™ possui a experi√™ncia e as habilidades necess√°rias para se destacar como Pessoa Desenvolvedora React JS + Backend Sr., candidate-se! ‚ú® Aguardamos ansiosamente para conhecer voc√™ e discutir como sua expertise pode contribuir para o sucesso de nossa equipe!Informa√ß√µes adicionaisTRABALHE NA MINSAITModelo de contrata√ß√£o CLT.Plano de Sa√∫de subsidiado pela empresa para o titular.Op√ß√£o de inclus√£o de dependentes no Plano de Sa√∫de com desconto em folha de pagamento.Assist√™ncia Odontol√≥gica (opcional).Op√ß√£o de inclus√£o de dependentes no Plano de Assist√™ncia Odontol√≥gica com desconto em folha de pagamento.Vale Refei√ß√£o ou Vale Alimenta√ß√£o.Vale Transporte (opcional).POP - Programa de Orienta√ß√£o Pessoal que visa oferecer suporte emocional e aconselhamento com orienta√ß√£o confidencial nas √°reas psicol√≥gica, jur√≠dica, financeira, social e pet sem custo para titular e dependentes legais.Gympass (Acesso a mais de 700 academias em todo o Brasil com planos a partir de R$ 39,90 descontado em folha de pagamento).Op√ß√£o de inclus√£o de dependentes no Gympass (at√© 03 dependentes - pago via cart√£o de cr√©dito).Parcerias com grandes marcas de consumo.Conv√™nio com o SESC para titular e dependentes.Conv√™nios para descontos com institui√ß√µes de ensino (gradua√ß√£o e p√≥s-gradua√ß√£o) e escola de idiomas.Seguro de vida em grupo.Nosso compromisso com a diversidade √© um elemento-chave da nossa cultura: Igualdade de oportunidades, respeito pelas pessoas e n√£o discrimina√ß√£o s√£o princ√≠pios de atua√ß√£o para todos os profissionais da Minsait. Integramos o Bloomberg Gender-Equality Index (GEI) 2021 em termos de diversidade e igualdade de g√™nero.Todas as nossas vagas s√£o abertas tamb√©m para PCDs.",Minsait an Indra Company,vacancy_type_effective,,True,,,Brasil,https://minsait.gupy.io/job/eyJqb2JJZCI6NjY4NDQ4NCwic291cmNlIjoiZ3VweV9wb3J0YWwifQ==?jobBoardSource=gupy_portal,True,remote,True
6685426,2024-01-29T20:19:58.245Z,Desenvolvedor(a) .Net senior,"Estamos em busca de algu√©m como voc√™, que deseja iniciar uma nova jornada na √°rea de Desenvolvimento de Software para impactar pessoas, clientes e sociedade. N√≥s, da Solutis, temos um desafio apaixonante, com o melhor ecossistema de uma Agile Company.Estamos com a posi√ß√£o de Desenvolvedor(a) .Net que envolve criatividade, proatividade, desenvolvimento √°gil e que permite compartilhamento constante de conhecimentos. Somos um mundo plural, que promove um ambiente descontra√≠do de verdade, flex√≠vel e focado no desenvolvimento humano e profissional para que voc√™ possa exercer a sua singularidade.Ent√£o, se voc√™ entende que este √© o caminho em dire√ß√£o aos seus sonhos, movido por projetos desafiadores, uma carreira bem desenvolvida e o prop√≥sito de impactar uns aos outros, todos os dias: venha fazer parte deste vasto mundo Solutis.Responsabilidades e atribui√ß√µesComo ser√° seu dia a dia: (Atividades que vai realizar)Desenvolver solu√ß√µes com foco em qualidade, disponibilidade, seguindo pr√°ticas √Ågeis e melhores padr√µes de Arquitetura.Atuar com atividades de frontend e backend em projetos de grande porte.Requisitos e qualifica√ß√µesPra mandar bem nessa oportunidade voc√™ precisa manjar das tecnologias: (Conhecimentos t√©cnicos obrigat√≥rios)Amplo conhecimento em C# (.NET Core);Dom√≠nio no desenvolvimento de Frontends e aplicativos web;Integra√ß√£o de sistemas utilizando WebAPI;Microservi√ßos;Teste unit√°rio;SQL Server;Entity Framework;ASP.NET MVC;HTML, CSS, Javascript, Jquery, Ajax;Vai ser bom se voc√™ tamb√©m tiver: (Conhecimentos t√©cnicos desej√°veis, que ser√£o um diferencial)Azure DevOpsGradua√ß√£o conclu√≠daCertifica√ß√µes:AZ-204: Developing Solutions for Microsoft AzureMicrosoft Certified: App BuilderMicrosoft Certified:NET FundamentalsO que n√£o abrimos m√£o: (Soft Skills)Mindset focado em construir solu√ß√µes criativas;Capacidade de aprender com experi√™ncias de outros como tamb√©m compartilhar suas pr√≥prias experi√™ncias;Ser apaixonado por tecnologia;Comprometimento em um ambiente voltado a entregas de alta colabora√ß√£o.Informa√ß√µes adicionaisPara esta posi√ß√£o oferecemos:Sal√°rio CLT Full;Vale Refei√ß√£o ou Alimenta√ß√£o (Alelo);Vale Transporte (sempre que houver o deslocamento);Aux√≠lio Home Office (proporcional aos dias em que atuar√° nesta modalidade);Assist√™ncia M√©dica Sulam√©rica;Assist√™ncia Odontol√≥gica Sulam√©rica;Seguro de Vida;Parcerias (Curso de idiomas, ensino, livraria, restaurante, entre outras);Gympass;Allya;Day Off;Premia√ß√£o por indica√ß√µes;Inside Out (Ocorre todas as sextas-feiras. Evento da galera voltado para troca de conhecimento);Oportunidade de crescimento profissional.",Solutis Tecnologias LTDA,vacancy_type_effective,,True,,,Brasil,https://solutis.gupy.io/job/eyJqb2JJZCI6NjY4NTQyNiwic291cmNlIjoiZ3VweV9wb3J0YWwifQ==?jobBoardSource=gupy_portal,True,remote,True
6684965,2024-01-29T19:51:15.725Z,Desenvolvedor Front-End Angular S√™nior,"Voc√™ se considera uma pessoa que tem sede por aprendizado, gosta de trabalhar em equipe e curte compartilhar conhecimento? Ent√£o essa oportunidade √© para voc√™! Estamos em busca de um(a) Desenvolvedor Front-End Angular S√™nior, para atuar em desenvolver novas funcionalidades e sustentar sistema para AutoShop, Autope√ßas e Autocenter.Responsabilidades e atribui√ß√µesNa sua rotina de trabalho, voc√™ vai se deparar com as seguintes atividades: Desenvolver Front-End com Angular;Fazer integra√ß√µes de Front_End com as APIs;Participar ativamente nas cerim√¥nias da metodologia Scrum;Apoiar a cria√ß√£o e implanta√ß√£o de novas solu√ß√µes.Requisitos e qualifica√ß√µesConfere abaixo o que voc√™ vai precisar saber pra se dar bem nessa oportunidade!CONHECIMENTOS EXIGIDOS Experi√™ncia com Angular (Principalmente na vers√£o 9);Conhecimento em HTML, CSS, Javascript e Principalmente TypeScript;Experi√™ncia em MaterialUI e Bootstrap;Conhecer GIT;Conhecer metodologias √°geis;Conhecer arquitetura de projetos Micro Front-End;Experi√™ncia com arquitetura REST e Consumo de APIs.CONHECIMENTOS DESEJ√ÅVEIS Saber criar testes unit√°rios;Entender sobre CI/CD;Conhecer Banco de dados Oracle.Informa√ß√µes adicionaisA Deliver IT vai deixar a digital nesse projeto e quer convidar voc√™ para fazer parte dessa constru√ß√£o! üôÜ‚Äç‚ôÄÔ∏èTemos uma cultura leve, descontra√≠da, colaborativa e diversa, al√©m de um ambiente enriquecedor, com muitos colegas feras em diversos segmentos e muitos desafios. Aqui voc√™ vai encontrar projetos inovadores, conex√£o e muita troca de conhecimento! üòä‚≠êFomos eleitos pela GPTW a 5¬∞ Melhor empresa para se trabalhar no RS. ü§© Todas as nossas posi√ß√µes seguem o modelo de contrato CLT em 44h/semanais.CONFIRA NOSSOS BENEF√çCIOSModalidade: 100% RemotoVA e/ou VRPrograma Bem-Estar: apoio psicol√≥gico, apoio jur√≠dico, apoio social, apoio financeiro e gin√°stica laboral. Plano de Sa√∫de e Plano Odontol√≥gicoSeguro de VidaIncentivo ao ingl√™sWorkshops mensaisParcerias que te d√£o desconto: Sucesu, Target Trust, Sesc e SeprorgsPremia√ß√£o por anivers√°rio de empresaPremia√ß√£o por indica√ß√£o contratada",Deliver IT,vacancy_type_effective,,True,,,Brasil,https://deliverit.gupy.io/job/eyJqb2JJZCI6NjY4NDk2NSwic291cmNlIjoiZ3VweV9wb3J0YWwifQ==?jobBoardSource=gupy_portal,True,remote,True
6686035,2024-01-29T20:40:39.620Z,DEV JAVA FULLSTACK S√äNIOR,"A NAVA est√° em busca de uma Pessoa Desenvolvedora Java FullStack S√™nior para fazer parte do nosso time de pessoas incr√≠veis!  Por que trabalhar na NAVA?Somos uma empresa de tecnologia que atende as maiores companhias dos setores financeiro, seguros, meios de pagamento, telecomunica√ß√µes, energia e varejo do pa√≠s. Inspiramos nossos times a criar solu√ß√µes para que essas companhias transformem e impactem positivamente o mundo.  Temos um time curioso, criativo, energ√©tico e inspirador, com grande foco nas pessoas para gerar inova√ß√£o, transforma√ß√£o e crescimento. Dentro de um ambiente din√¢mico e √°gil, o nosso time est√° em expans√£o para acompanhar o crescimento exponencial da NAVA e dos nossos Clientes. ÔªøAcolhemos as diferen√ßas porque acreditamos que um ambiente diverso contribui para a inova√ß√£o e uma sociedade mais justa e equ√¢nime e convidamos voc√™ √† assumir esse compromisso junto com a gente.Responsabilidades e atribui√ß√µesComo ser√° o seu dia a dia?A Pessoa Desenvolvedora Java FullStack S√™nior √© um profissional respons√°vel pelo desenvolvimento de sistemas e aplica√ß√µes web, utilizando as mais modernas tecnologias e metodologias. Ele √© capaz de trabalhar tanto no front-end quanto no back-end, e tem uma s√≥lida experi√™ncia na √°rea de desenvolvimento de software.Responsabilidades:Desenvolver aplica√ß√µes web usando Java e AngularTrabalhar com bancos de dados relacionais e n√£o relacionais;Implementar APIs RESTful;Utilizar frameworks e bibliotecas de desenvolvimento;Participar do ciclo de vida completo de desenvolvimento de software;Trabalhar em equipe e colaborar com outros desenvolvedores;Documentar e testar o c√≥digo desenvolvido;Manter e atualizar sistemas existentes.Requisitos e qualifica√ß√µesO que esperamos de voc√™?JavaCamelSpring-bootSwagger/OpenAPIMicrosservi√ßosKubernets/docker (pelo menos conceitualmente)OAuth2 e JWTAngularJavascriptAmbiente webInforma√ß√µes adicionaisHor√°rio de trabalho: ComercialModelo de trabalho para este projeto/cliente:  H√≠brido - 2 vezes presencialmente e 3 vezes remotamenteLocal de trabalho: Regi√£o de Santo Amaro/Zona Sul de SPAl√©m de ser uma empresa certificada Great Place to Work, voc√™ vai encontrar na NAVA: ‚úÖ Oportunidades de carreira üöÄ‚úÖ Liberdade para escrever seu pr√≥prio c√≥digo üèÜ‚úÖ Diversidade e diferentes formas de ver o mundo üåà‚úÖ Comunidades que incentivam o crescimento de todos üìö‚úÖ Treinamento In Company üíª‚úÖ Um time incr√≠vel üòé‚úÖ Empresa engajada no Pacto Global da ONU üí™üèº‚úÖ Projetos inovadores üí°‚úÖ Alta avalia√ß√£o no Glassdoor üì£ ",NAVA | Technology for Business,vacancy_type_effective,,False,S√£o Paulo,S√£o Paulo,Brasil,https://nava.gupy.io/job/eyJqb2JJZCI6NjY4NjAzNSwic291cmNlIjoiZ3VweV9wb3J0YWwifQ==?jobBoardSource=gupy_portal,True,on-site,True
6685997,2024-01-29T20:19:08.036Z,DEV FRONT-END ANGULAR S√äNIOR,"A NAVA est√° em busca de uma Pessoa Desenvolvedora Front-End Angular para fazer parte do nosso time de pessoas incr√≠veis!  Por que trabalhar na NAVA?Somos uma empresa de tecnologia que atende as maiores companhias dos setores financeiro, seguros, meios de pagamento, telecomunica√ß√µes, energia e varejo do pa√≠s. Inspiramos nossos times a criar solu√ß√µes para que essas companhias transformem e impactem positivamente o mundo.  Temos um time curioso, criativo, energ√©tico e inspirador, com grande foco nas pessoas para gerar inova√ß√£o, transforma√ß√£o e crescimento. Dentro de um ambiente din√¢mico e √°gil, o nosso time est√° em expans√£o para acompanhar o crescimento exponencial da NAVA e dos nossos Clientes.  Acolhemos as diferen√ßas porque acreditamos que um ambiente diverso contribui para a inova√ß√£o e uma sociedade mais justa e equ√¢nime e convidamos voc√™ √† assumir esse compromisso junto com a gente.Responsabilidades e atribui√ß√µesComo ser√° o seu dia a dia?O Desenvolvedor Front-End ter√° o papel de participar de toda a vida √∫til do sistema, deade a cria√ß√£o at√© a sustenta√ß√£o;Ter√° como fun√ß√£o entender, debater e solucionar as demandas para desenvovimento.Requisitos e qualifica√ß√µesO que esperamos de voc√™?Experi√™ncia em tecnologias de desenvolvimento frontend (Javascript ES5+, TypeScript, HTML5 e CSS);Conhecimento no gerenciadores de tarefas (Webpack);Experi√™ncia pr√°tica com framework e bibliotecas Javascript de mercado Angular 8+;Experi√™ncia com pr√©-processadores CSS (Sass, Less etc);Conhecimento de arquitetura de projetos micro frontend, estrutura de dados, algoritmos e padr√µes de projeto de software;Dom√≠nio em desenvolvimento em orienta√ß√£o a objetos;Testes unit√°rios, BDD e integra√ß√£o;Viv√™ncia com arquitetura REST;Ferramentas de versionamento (prefer√™ncialmente git);Conhecimento em Azure DevOps;Conhecimento e viv√™ncia em Projetos em Metodologias √Ågeis (Scrum, Kanban).Compet√™ncias Desejadas:Experi√™ncia em projetos do ramo financeiro;Experi√™ncias com projetos de produtos digitais;Conhecimento b√°sico de UI / UX Designer;Conhecimento em: NodeJS, CI/CD Azure, Docker, GraphQL, AWS: CloudFront, S3, API Gateway e Swagger;Conhecimento em Banco de dados (Oracle, SQL Server)Informa√ß√µes adicionaisHor√°rio de trabalho: ComercialModelo de trabalho para este projeto/cliente: H√≠brido - 2x remotamente e 3x presencialmenteLocal de trabalho: Regi√£o da Av. Paulista/SPAl√©m de ser uma empresa certificada Great Place to Work, voc√™ vai encontrar na NAVA: ‚úÖ Oportunidades de carreira üöÄ‚úÖ Liberdade para escrever seu pr√≥prio c√≥digo üèÜ‚úÖ Diversidade e diferentes formas de ver o mundo üåà‚úÖ Comunidades que incentivam o crescimento de todos üìö‚úÖ Treinamento In Company üíª‚úÖ Um time incr√≠vel üòé‚úÖ Empresa engajada no Pacto Global da ONU üí™üèº‚úÖ Projetos inovadores üí°‚úÖ Alta avalia√ß√£o no Glassdoor üì£ ",NAVA | Technology for Business,vacancy_type_effective,,False,S√£o Paulo,S√£o Paulo,Brasil,https://nava.gupy.io/job/eyJqb2JJZCI6NjY4NTk5Nywic291cmNlIjoiZ3VweV9wb3J0YWwifQ==?jobBoardSource=gupy_portal,True,hybrid,True
6685306,2024-01-29T20:41:31.718Z,6685306 | Analista de Desenvolvimento Full Stack Java SR,"Junte-se a n√≥s!‚ñ∂Ô∏èQue tal atuar em projetos que contribuem diretamente para melhoria do nosso dia-a-dia?‚ñ∂Ô∏èQue tal ser desafiado a aprender e aprender sempre?  üëâSe o novo te desafia e o conhecimento te inspira, #VemserMagna.Requisitos e qualifica√ß√µesDesenvolvimento Java;Integra√ß√£o;Apache Camel Quarkus;Apache Kafka;Openshift;Banco de dados;SQL Server.Informa√ß√µes adicionais‚úîÔ∏èLocal de Atua√ß√£o: Tabo√£o da Serra - SP.‚úîÔ∏èFormato de Atua√ß√£o: H√≠brido‚úîÔ∏èRegime de Contrata√ß√£o: CLT ‚úîÔ∏èE os benef√≠cios?Al√©m da CESTA DE BENEF√çCIOS FLEX√çVEIS, voc√™ tamb√©m ter√°:‚Ä¢Assist√™ncia M√©dica‚Ä¢Vale Refei√ß√£o‚Ä¢Vale Transporte (Caso a atua√ß√£o seja hibrido ou presencial)‚Ä¢Aux√≠lio Creche‚Ä¢Seguro de vida‚Ä¢PLR‚Ä¢Apoio Psicol√≥gico‚Ä¢Programa de Indica√ß√£o com ganhos por indica√ß√£o efetivada pelos nossos colaboradores‚Ä¢Conv√™nio com institui√ß√µes de ensino para: Ingl√™s/Espanhol, P√≥s-gradua√ß√£o e cursos t√©cnicos‚Ä¢Conv√™nio SESC / SENAC‚Ä¢Plano Odontol√≥gico‚Ä¢GYMPASS‚Ä¢Veloe‚Ä¢Desconto em Seguros Magna Sistemas‚Ä¢Clube de Descontos e muito maisüòäNossas vagas s√£o para todas as pessoas, independentemente de g√™nero, idade, etnia, ra√ßa, defici√™ncia ou orienta√ß√£o sexual.",MAGNA SISTEMAS,vacancy_type_effective,,False,Tabo√£o da Serra,S√£o Paulo,Brasil,https://magnasistemas.gupy.io/job/eyJqb2JJZCI6NjY4NTMwNiwic291cmNlIjoiZ3VweV9wb3J0YWwifQ==?jobBoardSource=gupy_portal,True,hybrid,True
6685832,2024-01-29T20:48:18.052Z,Analyst II - Analista de Qualidade de Software," Analista de Qualidade de Software&gt;  Como Analista de Qualidade de Software Pleno, voc√™ ser√° respons√°vel por garantir a entrega de produtos digitais de alta qualidade, colaborando com diversos squads em nossa empresa.Venha fazer parte do nosso time!Responsabilidades e atribui√ß√µesComo ser√° o seu dia a dia? Conduzir testes funcionais em sistemas e entregas, assegurando a conformidade com requisitos estabelecidos.Realizar atendimento ao usu√°rio nos n√≠veis 1 e 2, identificando chamados, priorizando de acordo com a criticidade e acionando os Product Owners para inclu√≠rem as corre√ß√µes e melhorias no backlog.Analisar e auxiliar na contru√ß√£o de roteiros de teste detalhados, abrangendo diferentes cen√°rios e condi√ß√µes.Gerar evid√™ncias de testes para documentar a qualidade das solu√ß√µes entregues.Colaborar ativamente com os times de desenvolvimento para identificar e corrigir ajustes necess√°rios.Participar ativamente na defini√ß√£o e implementa√ß√£o de estrat√©gias de teste.Requisitos e qualifica√ß√µesPara esta vaga, √© essencial:Experi√™ncia em testes funcionais de produtos digitais.Experi√™ncia em atendimento ao usu√°rio nos n√≠veis 1 e 2.Conhecimento s√≥lido em elabora√ß√£o de roteiros de teste.Habilidade para identificar e relatar eficientemente bugs e problemas.Familiaridade com metodologias √°geis e trabalho em squads.Gradua√ß√£o em Ci√™ncia da Computa√ß√£o, Engenharia de Software ou √°rea relacionada.Comportamentos esperados&gt;Comunica√ß√£o Eficaz: Capacidade de se comunicar de forma clara e eficaz com membros da equipe de desenvolvimento e usu√°rios.Colabora√ß√£o Interdisciplinar: Habilidade para trabalhar em equipe, colaborando com desenvolvedores, product owners, desenvolvedores e outros stakeholders.Resolu√ß√£o de Problemas: Aptid√£o para identificar, analisar e resolver problemas de forma proativa.Foco em Resultados: Orienta√ß√£o para resultados e comprometimento com a entrega de produtos de alta qualidade.Informa√ß√µes adicionaisNa VERT, voc√™ tem: Plano de Sa√∫de (sem desconto em folha)Plano Odontol√≥gico (sem desconto em folha)Aux√≠lio Bem-estar VR/VA (via cart√£o Caju)Day Off (um dia de folga no m√™s do seu anivers√°rio)Seguro de Vida Home OfficeNa VERT, acreditamos que as diferen√ßas se complementam e potencializam a colabora√ß√£o e os resultados! Estimulamos um ambiente diverso e inclusivo, focado no aprendizado e desenvolvimento cont√≠nuo de todos.",VERT Capital,vacancy_type_effective,,True,,,Brasil,https://vert-capital.gupy.io/job/eyJqb2JJZCI6NjY4NTgzMiwic291cmNlIjoiZ3VweV9wb3J0YWwifQ==?jobBoardSource=gupy_portal,False,remote,True
6671183,2024-01-29T20:10:02.704Z,SOFTWARE DEVELOPER ANDROID PLENO (Remoto),"LOCALIZA&amp;COEstar em constante evolu√ß√£o nos trouxe at√© aqui. Ao lado de talentos e habilidades m√∫ltiplas nos conectamos em busca da nossa motiva√ß√£o: construir o futuro da mobilidade sustent√°vel. √â por meio da valoriza√ß√£o da individualidade de cada um que impulsionamos o nosso movimento para conquistar resultados extraordin√°rios, desenvolver nossas opera√ß√µes e criar solu√ß√µes para os nossos clientes.Somos apaixonados por nossa hist√≥ria, por nossas ideias e pela capacidade de realiz√°-las. Sabemos que juntos, todos vamos mais longe.√â assim que conectamos a Localiza&amp;Co com o futuro.Responsabilidades e atribui√ß√µesO QUE VOC√ä IR√Å FAZER COMO SOFTWARE DEVELOPER IIImplementar e sustentar o aplicativo Localiza, realizando o desenvolvimento de novas funcionalidades, corre√ß√µes, qualidade, integra√ß√£o de dados, performance, disponibilidade, qualidade e seguran√ßa, visando o cumprimento das metas definidas pela Companhia.Requisitos e qualifica√ß√µesO QUE PRECISAMOSExperi√™ncia com arquiteturas avan√ßadas como MVVM, MVI, Clean architecture ou arquiteturas similares, para cria√ß√£o de aplicativos robustos;Conhecimento s√≥lido em Coroutines para lidar eficientemente com opera√ß√µes ass√≠ncronas;Familiaridade com frameworks de inje√ß√£o de depend√™ncia, como Dagger ou Koin, para facilitar a manuten√ß√£o e teste de C√≥digo;Experi√™ncia em escrever testes unit√°rios e de instrumenta√ß√£o para garantir a qualidade e a confiabilidade do c√≥digo;Conhecimento aprofundado nos jetpack compose como LiveData, ViewModel, Navegation Component, Room, etc;Habilidade para otimizar o desempenho do aplicativo, incluindo o uso eficiente de recursos, gest√£o de mem√≥ria e an√°lise de desempenho;Conhecimento em jetpack Compose, a biblioteca UI declarativa para Android, para criar interfaces de usu√°rio modernas;Experi√™ncia em gerenciar o estado da aplica√ß√£o de maneira eficiente, possivelmente usando bibliotecas como StateFlow e LiveData.Informa√ß√µes adicionaisBENEF√çCIOS DESSA POSI√á√ÉOParticipa√ß√£o nos LucrosVale Alimenta√ß√£oVale Refei√ß√£oConv√™nio M√©dicoConv√™nio Odontol√≥gicoGympassPrevid√™ncia PrivadaAux√≠lio Home OfficeCarro AdministrativoAllyaAcesso ilimitado a diversos cursos da nossa Universidade LocalizaProgramas internos de treinamento e desenvolvimentoDesconto em compra e aluguel de ve√≠culosViva a experi√™ncia de ser Localiza&amp;Co e venha construir o futuro da mobilidade conosco!",Localiza&Co,vacancy_type_effective,,True,,,Brasil,https://localiza.gupy.io/job/eyJqb2JJZCI6NjY3MTE4Mywic291cmNlIjoiZ3VweV9wb3J0YWwifQ==?jobBoardSource=gupy_portal,False,remote,True
6671251,2024-01-29T19:17:43.162Z,Software Integration Engineer,"VIVER DESIGN EST√Å NO NOSSO DNAüíôPra n√≥s, transformar ambientes e emocionar pessoas faz parte do nosso prop√≥sito de vida, guiando nossas iniciativas em prol de um futuro cada vez mais humano e sustent√°vel.Somos a marca l√≠der do mercado brasileiro de revestimentos cer√¢micos.A Portobello est√° crescendo a cada ano e temos um projeto ambicioso de construir o maior ecossistema de Home Design do mundo!Nosso sucesso √© constru√≠do a cada dia por uma equipe que conta com as melhores pessoas. Gente com talento e vontade de fazer sempre mais e melhor, que gosta de atuar em um ambiente desafiador e competitivo, que simplifica o complexo, que aprende com erros e joga junto para entregar os melhores resultados. Buscamos pessoas que compartilhem dessa mesma vontade de evoluir sempre. Se voc√™ tem garra, vis√£o empreendedora, foco na entrega de resultados sustent√°veis, e gosta de atuar com e para as pessoas, venha fazer parte da nossa equipe!Estamos buscando a posi√ß√£o de Software Integration Engineer, no qual ir√° integrar a equipe de engenheiros de software, criando solu√ß√µes escal√°veis e com alta performance. Profissional com foco em integra√ß√£o, com profundo conhecimento em microservi√ßos e conhecimento em nossa stack atual, assim como e arquitetura de solu√ß√µes, com experi√™ncia na cria√ß√£o de novas solu√ß√µes ao mercado B2B ou B2C, viv√™ncia no ‚Äúramp up‚Äù de aplica√ß√µes.√â miss√£o nesta posi√ß√£o construir solu√ß√µes, contribuir com desafios do time de tecnologia e de produtos, compartilhando ideias, c√≥digos,  solu√ß√µes e arquitetura; habilitar desenvolvimento de c√≥digos escal√°veis e disseminar conhecimento de tecnologia dentro do Digital. Venha fazer parte desse TIME! #SejaPortobello #PortobelloLover Responsabilidades e atribui√ß√µesüíº Sua miss√£o em nosso time ser√°:Desenvolver integra√ß√µes com foco em microsservi√ßos;Atuar na manuten√ß√£o cont√≠nua dos sistemas;Elaborar documenta√ß√£o t√©cnica;Aplicar testes e caso de uso;Validar e verificar entregas.Requisitos e qualifica√ß√µesüéì O que √© necess√°rio para se inscrever:Ensino Superior Completo ou Cursando em Sistemas da Informa√ß√£o, Ci√™ncias da Computa√ß√£o ou √°reas correlatas;Experi√™ncia com Java 11, JUnit, Python, Rancher, Kubernetes, Spring Boot, Mongodb, CI/CD, Jenkins, Bitbucket;Experi√™ncia com Oracle (PL/SQL);Experi√™ncia com API Restful, Json, Http Request, RabbitMQ;Atua√ß√£o em projetos com Arquiteturas em Cloud (AWS), Arquitetura de Microsservi√ßos e Plataform as Service (PaaS);Perfil ownership, anal√≠tico, din√¢mico, comunicativo e proativo.Informa√ß√µes adicionaisüíôVenha conhecer um pouco sobre os nossos Benef√≠cios!Seguro de vida;Plano de sa√∫de e odontol√≥gico;Restaurante na empresa;	Vale-transporte;Universidade Portobello;Ambulat√≥rio Interno;Gin√°stica laboral;Participa√ß√£o nos Lucros e Resultados PPR;Descontos em farm√°cias;Estacionamento gratuito;Previd√™ncia Privada;Sindicato;Rede de descontos - parcerias com diversas institui√ß√µes de Ensino;Descontos nas compras de produtos Portobello;Abono F√©rias;Aux√≠lio Mam√£e Portobello - para compra do enxoval do beb√™;Aux√≠lio creche;Assist√™ncia a dependentes PCDs;Programas de Capacita√ß√£o e Desenvolvimento Profissional;Gympass e muitos mais!!!Local de Trabalho: F√°brica Portobello ‚Äì Tijucas / SC.Aguardamos seu cadastro para ser um #portobelloloverTODAS AS NOSSAS VAGAS TAMB√âM S√ÉO DESTINADAS √ÄS PESSOAS COM DEFICI√äNCIAüíô",Portobello,vacancy_type_effective,,False,Tijucas,Santa Catarina,Brasil,https://portobello.gupy.io/job/eyJqb2JJZCI6NjY3MTI1MSwic291cmNlIjoiZ3VweV9wb3J0YWwifQ==?jobBoardSource=gupy_portal,True,hybrid,True
6660629,2024-01-29T20:54:28.124Z,DevOps Analista II GCP - Vaga Afirmativa para Talentos Diversos,"O que √© o gb.tech?  Somos o time de tecnologia do GB e nosso esp√≠rito inquieto nos faz estar sempre de olho nas tend√™ncias futuras. A tecnologia √© fundamental para revolucionar toda a nossa jornada, da pesquisa e desenvolvimento de produtos at√© a venda final para nossos consumidores - e √© atrav√©s dela que estamos construindo o maior ecossistema de beleza do mundo.  Cada novo processo, lan√ßamento e solu√ß√£o exigem efici√™ncia, habilidade e inova√ß√£o. S√≥ assim √© poss√≠vel manter a velocidade e o dinamismo do nosso crescimento e entregar beleza em cada canto do Brasil e em mais de 15 pa√≠ses. E √© isso que o time do gb.tech est√° fazendo no Grupo Botic√°rio. Temos o compromisso em construir um ambiente cada vez mais diverso e inclusivo. Valorizamos a Diversidade e estamos comprometidos com a promo√ß√£o da inclus√£o e equidade em nossos times.Como parte da nossa estrat√©gia em prol da diversidade e inclus√£o, buscamos a representatividade da sociedade em nossos times. Por isso, temos vagas destinadas aos grupos minorizados priorizados em nossa estrat√©gia: pessoas com defici√™ncia, pessoas negras (pretas e pardas), mulheres (cis e trans), pessoas da comunidade LGBTQIA+ e pessoas 50+.Essa a√ß√£o faz parte de uma estrat√©gia ligada aos nossos compromissos e fortalecimento de nossa cultura equ√¢nime.Conhe√ßa mais sobre nossos compromissos em: https://www.umabelezadefuturo.com.br Responsabilidades e atribui√ß√µesTrabalhar em um ambiente com produtos sendo executados em multi-cloud;Projetar, implementar e manter sistemas altamente dispon√≠veis, escal√°veis e confi√°veis, incluindo a automa√ß√£o de processos de monitoramento, provisionamento e implanta√ß√£o;Identificar e resolver problemas de desempenho, estabilidade e escalabilidade, usando ferramentas de monitoramento, an√°lise de dados e depura√ß√£o;Automatizar processos de gerenciamento de infraestrutura, permitindo a r√°pida implanta√ß√£o e escalabilidade de servi√ßos e sistemas;Trabalhar em estreita colabora√ß√£o com engenheiros de software para garantir que os sistemas sejam desenvolvidos com a confiabilidade em mente, incluindo o uso de pr√°ticas de desenvolvimento de software seguro;Realizar an√°lises de risco e implementar medidas de seguran√ßa para garantir a prote√ß√£o dos dados do usu√°rio e a privacidade.Requisitos e qualifica√ß√µesO que voc√™ precisa ter ou saber?Vontade de trabalhar com foco na cloud do Google (GCP);Conhecimento e exper√™ncia trabalhando com infraestrutura em Cloud p√∫blica;Conhecimentos b√°sicos de uma linguagem de desenvolvimento;Conhecimentos e experi√™ncia trabalhando com ferrramentas de pipeline (CI/CD);Conhecimento e experi√™ncia trabalhando com GKE, Composer, Cloud Functions, Cloud Run, Big Query, App Engine;Vontade de atuar na resolu√ß√£o de problemas e no atendimento de solicita√ß√µes;Diferenciais:Conhecimento nas ferramentas: Terraform, Ansible, Github Actions, AtlantisInforma√ß√µes adicionaisO Grupo Botic√°rio promove a diversidade e queremos conosco pessoas que mudem o jogo e fa√ßam bonito, independente do g√™nero, ra√ßa, orienta√ß√£o sexual, religi√£o, nacionalidade, idade ou defici√™ncia.Nos preocupamos com o bem-estar das nossas pessoas, por isso oferecemos um pacote de benef√≠cios que permitem uma vida mais saud√°vel e completa.Nossa jornada de trabalho tem carga hor√°ria flex√≠vel e sustent√°vel. Vai trabalhar em modelo h√≠brido ou remoto? Oferecemos o aux√≠lio home-office.Todo mundo merece um momento para cuidar da alimenta√ß√£o, certo? Aqui voc√™ poder√° contar com o vale refei√ß√£o e/ou vale alimenta√ß√£o (conforme elegibilidade), mas se voc√™ for trabalhar em uma das nossas f√°bricas ou centros de distribui√ß√£o temos restaurante;T√°, mas e a sua sa√∫de? Para n√≥s a sua sa√∫de √© prioridade, aqui oferecemos plano de sa√∫de e programas com foco em sa√∫de e bem estar:Central de Sa√∫de 24hA Fam√≠lia CresceuAtendimento Social2¬™ Opini√£o M√©dicaTelemedicina - dentro do plano de sa√∫dePsicologia on-lineOrienta√ß√£o Jur√≠dicaOrienta√ß√£o FinanceiraOrienta√ß√£o Psicol√≥gicaEntre n√≥s - apoio a v√≠timas de viol√™nciaRodas de Conversa com foco f√≠sico e emocionalCuidado com o colaborador durante o afastamentoCampanhas de preven√ß√£o em sa√∫deVacina√ß√£o gratuita contra gripe para colaboradores e dependentesExames peri√≥dicosAvalia√ß√£o ergon√¥micaTamb√©m nos preocupamos com a sua seguran√ßa financeira e de sua fam√≠lia, garantindo cobertura de previd√™ncia privada, empr√©stimos com taxas diferenciadas e seguro de vida.Sabe a vida fitness? Deixa com o Gympass;E as crian√ßas? Disponibilizamos o Aux√≠lio para o Material Escolar;Falando em crian√ßas, aqui no Grupo Botic√°rio, acreditamos que todos possuem o direito a uma licen√ßa parental igualit√°ria. Por isso oferecemos 120 dias de Licen√ßa Parental para papais e mam√£es;Todo mundo faz anivers√°rio e, j√° que voc√™ est√° de parab√©ns, oferecemos o Day Off de Anivers√°rio.Desconto de at√© 40% em nossos produtos! Agora sim viu vantagem, n√©? Al√©m de conv√™nios e parcerias diversas atrav√©s da Associa√ß√£o de Colaboradores.T√° afim de fazer o bem? Aqui no GB proporcionamos oportunidades de participar em v√°rias a√ß√µes de voluntariado.Se identifica com o nosso jeito? Ent√£o vem fazer beleza com a gente!",Grupo Botic√°rio,vacancy_type_effective,2024-03-14T00:00:00.000Z,True,,,Brasil,https://grupoboticario.gupy.io/job/eyJqb2JJZCI6NjY2MDYyOSwic291cmNlIjoiZ3VweV9wb3J0YWwifQ==?jobBoardSource=gupy_portal,True,remote,True
